Date,StartTime,EndTime,ActivityID,FacilityID
2017-08-18,12:00 PM,1:00 PM,13,NA
2017-08-18,2:30 PM,8:00 PM,17,NA
2017-08-18,11:30 AM,1:00 PM,13,NA
2017-08-18,1:00 PM,5:00 PM,17,NA
2017-08-18,6:00 AM,7:30 AM,13,5
2017-08-18,12:00 PM,1:00 PM,13,5
2017-08-18,3:30 PM,7:30 PM,13,5
2017-08-18,3:30 PM,7:30 PM,17,5
2017-08-18,6:30 AM,8:00 AM,13,7
2017-08-18,11:30 AM,1:00 PM,13,7
2017-08-18,3:30 PM,5:00 PM,13,7
2017-08-18,1:00 PM,3:30 PM,17,7
2017-08-18,10:00 AM,11:00 AM,19,8
2017-08-18,11:00 AM,1:00 PM,13,8
2017-08-18,2:00 PM,4:00 PM,17,8
2017-08-18,6:30 PM,7:30 PM,17,8
2017-08-18,6:30 AM,9:00 AM,13,9
2017-08-18,10:00 AM,2:00 PM,13,9
2017-08-18,4:00 PM,9:30 PM,13,9
2017-08-18,12:00 PM,5:00 PM,17,NA
2017-08-18,6:00 PM,8:00 PM,17,NA
2017-08-18,12:00 PM,1:00 PM,13,NA
2017-08-18,1:00 PM,5:00 PM,17,NA
2017-08-18,6:00 PM,8:00 PM,17,NA
2017-08-18,12:00 PM,1:00 PM,13,NA
2017-08-18,1:00 PM,5:00 PM,17,NA
2017-08-18,6:00 PM,8:00 PM,17,NA
2017-08-18,8:00 AM,1:00 PM,13,14
2017-08-18,4:00 PM,9:00 PM,13,14
2017-08-18,10:30 AM,11:30 AM,26,14
2017-08-18,1:00 PM,4:00 PM,17,14
2017-08-18,6:30 PM,8:00 PM,17,14
2017-08-18,12:00 PM,1:00 PM,13,NA
2017-08-18,1:00 PM,5:00 PM,17,NA
2017-08-18,6:00 PM,8:00 PM,17,NA
2017-08-18,12:00 PM,1:00 PM,13,NA
2017-08-18,1:00 PM,8:00 PM,17,NA
2017-08-18,12:00 PM,1:00 PM,13,NA
2017-08-18,5:30 PM,6:30 PM,13,NA
2017-08-18,12:00 PM,1:00 PM,26,NA
2017-08-18,1:00 PM,5:30 PM,17,NA
2017-08-18,6:30 PM,8:00 PM,17,NA
2017-08-18,7:00 AM,8:30 AM,13,16
2017-08-18,12:00 PM,1:00 PM,13,16
2017-08-18,4:00 PM,5:30 PM,13,16
2017-08-18,7:00 PM,8:30 PM,13,16
2017-08-18,1:00 PM,4:00 PM,17,16
2017-08-18,5:30 PM,7:00 PM,17,16
2017-08-18,12:00 PM,1:00 PM,13,23
2017-08-18,6:00 PM,7:00 PM,17,23
2017-08-18,10:30 AM,12:00 PM,25,23
2017-08-18,8:00 AM,9:30 AM,24,27
2017-08-18,7:00 AM,8:00 AM,13,27
2017-08-18,11:30 AM,1:00 PM,17,27
2017-08-18,1:00 PM,4:00 PM,18,27
2017-08-18,6:30 PM,8:30 PM,18,27
2017-08-18,11:30 AM,1:00 PM,13,NA
2017-08-18,11:30 AM,1:00 PM,17,NA
2017-08-18,1:00 PM,5:30 PM,17,NA
2017-08-18,6:30 PM,8:00 PM,17,NA
2017-08-18,10:00 AM,11:00 AM,19,30
2017-08-18,11:30 AM,1:00 PM,13,30
2017-08-18,4:00 PM,6:00 PM,13,30
2017-08-18,1:00 PM,4:00 PM,17,30
2017-08-18,6:00 PM,7:30 PM,17,30
2017-08-18,6:30 AM,8:10 AM,13,33
2017-08-18,11:45 AM,1:00 PM,13,33
2017-08-18,4:30 PM,6:00 PM,13,33
2017-08-18,8:10 PM,10:00 PM,13,33
2017-08-18,11:45 AM,1:00 PM,26,33
2017-08-18,2:30 PM,4:20 PM,17,33
2017-08-18,6:00 PM,8:00 PM,17,33
2017-08-18,6:30 AM,8:00 AM,13,35
2017-08-18,12:00 PM,1:00 PM,13,35
2017-08-18,3:00 PM,4:30 PM,17,35
2017-08-18,11:30 AM,1:00 PM,13,37
2017-08-18,1:00 PM,3:00 PM,17,37
2017-08-18,7:00 AM,8:30 AM,13,38
2017-08-18,10:30 AM,11:30 AM,13,38
2017-08-18,11:30 AM,1:00 PM,13,38
2017-08-18,5:00 PM,6:00 PM,13,38
2017-08-18,7:30 PM,9:00 PM,13,38
2017-08-18,11:30 AM,1:00 PM,17,38
2017-08-18,2:00 PM,5:00 PM,17,38
2017-08-18,6:00 PM,7:00 PM,17,38
2017-08-18,6:00 PM,7:30 PM,17,38
2017-08-18,6:00 AM,7:30 AM,13,40
2017-08-18,12:00 PM,1:00 PM,17,40
2017-08-18,1:00 PM,4:00 PM,18,40
2017-08-18,7:00 PM,9:00 PM,18,40
2017-08-18,6:00 AM,1:00 PM,13,41
2017-08-18,4:00 PM,9:00 PM,13,41
2017-08-18,1:00 PM,4:00 PM,17,41
2017-08-18,8:00 PM,9:00 PM,17,41
2017-08-18,12:00 PM,1:30 PM,13,45
2017-08-18,1:30 PM,3:30 PM,17,45
2017-08-18,7:45 PM,8:45 PM,23,45
2017-08-18,6:00 AM,8:00 AM,13,46
2017-08-18,11:00 AM,1:00 PM,13,46
2017-08-18,11:00 AM,1:00 PM,17,46
2017-08-18,1:00 PM,5:00 PM,18,46
2017-08-18,10:00 AM,11:00 AM,19,47
2017-08-18,7:00 PM,8:00 PM,15,47
2017-08-18,7:00 AM,8:30 AM,13,47
2017-08-18,11:00 AM,12:30 PM,13,47
2017-08-18,9:00 PM,9:50 PM,13,47
2017-08-18,8:00 PM,9:00 PM,17,47
2017-08-18,12:00 PM,1:00 PM,13,51
2017-08-18,8:00 PM,9:00 PM,13,51
2017-08-18,1:00 PM,4:00 PM,17,51
2017-08-18,6:30 PM,8:00 PM,17,51
2017-08-19,11:00 AM,1:00 PM,15,NA
2017-08-19,11:00 AM,1:00 PM,13,NA
2017-08-19,1:00 PM,6:00 PM,17,NA
2017-08-19,11:30 AM,1:00 PM,13,NA
2017-08-19,1:00 PM,6:00 PM,17,NA
2017-08-19,12:00 PM,3:00 PM,13,5
2017-08-19,12:00 PM,3:00 PM,17,5
2017-08-19,7:30 AM,9:00 AM,13,7
2017-08-19,11:30 AM,1:00 PM,13,7
2017-08-19,1:00 PM,3:30 PM,17,7
2017-08-19,11:00 AM,1:00 PM,13,8
2017-08-19,1:00 PM,3:00 PM,17,8
2017-08-19,3:00 PM,4:00 PM,23,8
2017-08-19,10:00 AM,2:00 PM,13,9
2017-08-19,12:00 PM,5:00 PM,17,NA
2017-08-19,1:00 PM,6:00 PM,17,NA
2017-08-19,1:00 PM,6:00 PM,17,NA
2017-08-19,8:30 AM,4:00 PM,13,14
2017-08-19,10:30 AM,11:30 AM,26,14
2017-08-19,1:00 PM,4:00 PM,17,14
2017-08-19,1:00 PM,6:00 PM,17,NA
2017-08-19,11:00 AM,7:00 PM,17,NA
2017-08-19,12:00 PM,1:00 PM,13,NA
2017-08-19,12:00 PM,1:00 PM,26,NA
2017-08-19,1:00 PM,6:00 PM,17,NA
2017-08-19,1:00 PM,4:00 PM,17,16
2017-08-19,2:00 PM,3:00 PM,13,23
2017-08-19,1:00 PM,2:00 PM,17,23
2017-08-19,4:45 PM,5:45 PM,23,23
2017-08-19,11:30 AM,1:00 PM,17,27
2017-08-19,1:00 PM,4:00 PM,18,27
2017-08-19,6:30 PM,8:30 PM,18,27
2017-08-19,12:00 PM,1:00 PM,13,NA
2017-08-19,12:00 PM,1:00 PM,17,NA
2017-08-19,1:00 PM,6:00 PM,17,NA
2017-08-19,1:30 PM,3:00 PM,15,30
2017-08-19,12:00 PM,1:30 PM,13,30
2017-08-19,3:00 PM,4:30 PM,17,30
2017-08-19,12:00 PM,1:50 PM,13,33
2017-08-19,12:00 PM,1:50 PM,26,33
2017-08-19,2:00 PM,5:45 PM,17,33
2017-08-19,11:30 AM,1:00 PM,13,37
2017-08-19,1:00 PM,3:00 PM,17,37
2017-08-19,12:00 PM,1:30 PM,13,38
2017-08-19,4:00 PM,5:00 PM,13,38
2017-08-19,1:30 PM,4:00 PM,17,38
2017-08-19,8:00 AM,9:00 AM,13,40
2017-08-19,5:00 PM,6:00 PM,13,40
2017-08-19,11:00 AM,1:00 PM,17,40
2017-08-19,1:00 PM,5:00 PM,18,40
2017-08-19,8:30 AM,1:00 PM,13,41
2017-08-19,4:00 PM,7:00 PM,13,41
2017-08-19,1:00 PM,4:00 PM,17,41
2017-08-19,12:00 PM,1:30 PM,13,45
2017-08-19,1:30 PM,3:30 PM,17,45
2017-08-19,11:30 AM,1:00 PM,13,46
2017-08-19,11:30 AM,1:00 PM,17,46
2017-08-19,1:00 PM,5:00 PM,18,46
2017-08-19,1:30 PM,3:00 PM,15,47
2017-08-19,12:00 PM,1:30 PM,13,47
2017-08-19,3:00 PM,4:30 PM,17,47
2017-08-19,9:30 AM,10:30 AM,15,51
2017-08-19,12:00 PM,1:00 PM,13,51
2017-08-19,1:00 PM,4:00 PM,17,51
2017-08-19,6:30 PM,8:00 PM,17,51
2017-08-20,11:00 AM,1:00 PM,15,NA
2017-08-20,11:00 AM,1:00 PM,13,NA
2017-08-20,1:00 PM,6:00 PM,17,NA
2017-08-20,11:30 AM,1:00 PM,13,NA
2017-08-20,1:00 PM,6:00 PM,17,NA
2017-08-20,12:00 PM,3:00 PM,13,5
2017-08-20,12:00 PM,3:00 PM,17,5
2017-08-20,11:00 AM,1:00 PM,13,8
2017-08-20,10:00 AM,2:00 PM,13,9
2017-08-20,12:00 PM,5:00 PM,17,NA
2017-08-20,1:00 PM,6:00 PM,17,NA
2017-08-20,1:00 PM,6:00 PM,17,NA
2017-08-20,8:30 AM,4:00 PM,13,14
2017-08-20,10:30 AM,11:30 AM,26,14
2017-08-20,1:00 PM,4:00 PM,17,14
2017-08-20,1:00 PM,6:00 PM,17,NA
2017-08-20,11:00 AM,7:00 PM,17,NA
2017-08-20,12:00 PM,1:00 PM,13,NA
2017-08-20,12:00 PM,1:00 PM,26,NA
2017-08-20,1:00 PM,6:00 PM,17,NA
2017-08-20,12:00 PM,1:00 PM,13,16
2017-08-20,1:00 PM,4:00 PM,17,16
2017-08-20,6:00 PM,7:30 PM,17,16
2017-08-20,2:00 PM,3:00 PM,13,23
2017-08-20,12:00 PM,2:00 PM,17,23
2017-08-20,5:30 PM,6:30 PM,23,23
2017-08-20,11:30 AM,1:00 PM,17,27
2017-08-20,1:00 PM,4:00 PM,18,27
2017-08-20,12:00 PM,1:00 PM,13,NA
2017-08-20,12:00 PM,1:00 PM,17,NA
2017-08-20,1:00 PM,6:00 PM,17,NA
2017-08-20,1:30 PM,2:45 PM,15,30
2017-08-20,12:00 PM,1:30 PM,13,30
2017-08-20,2:45 PM,4:00 PM,17,30
2017-08-20,8:00 AM,10:00 AM,13,33
2017-08-20,8:45 AM,10:00 AM,26,33
2017-08-20,11:30 AM,3:00 PM,17,33
2017-08-20,11:30 AM,1:00 PM,13,37
2017-08-20,1:00 PM,3:00 PM,17,37
2017-08-20,12:00 PM,1:30 PM,13,38
2017-08-20,4:00 PM,5:00 PM,13,38
2017-08-20,1:30 PM,4:00 PM,17,38
2017-08-20,8:00 AM,9:00 AM,13,40
2017-08-20,9:00 AM,11:00 AM,17,40
2017-08-20,11:00 AM,4:00 PM,18,40
2017-08-20,8:30 AM,1:00 PM,13,41
2017-08-20,4:00 PM,7:00 PM,13,41
2017-08-20,1:00 PM,4:00 PM,17,41
2017-08-20,12:00 PM,1:30 PM,13,45
2017-08-20,1:30 PM,3:30 PM,17,45
2017-08-20,10:00 AM,12:00 PM,13,46
2017-08-20,10:00 AM,12:00 PM,17,46
2017-08-20,12:00 PM,4:00 PM,18,46
2017-08-20,1:30 PM,3:00 PM,15,47
2017-08-20,12:00 PM,1:30 PM,13,47
2017-08-20,3:00 PM,4:30 PM,17,47
2017-08-20,9:30 AM,10:30 AM,15,51
2017-08-20,12:00 PM,1:00 PM,13,51
2017-08-20,1:00 PM,4:00 PM,17,51
2017-08-20,6:30 PM,8:00 PM,17,51
2017-08-21,12:00 PM,1:00 PM,13,NA
2017-08-21,5:00 PM,7:30 PM,13,NA
2017-08-21,2:30 PM,5:00 PM,17,NA
2017-08-21,5:00 PM,7:30 PM,17,NA
2017-08-21,6:00 AM,7:30 AM,13,5
2017-08-21,12:00 PM,1:00 PM,13,5
2017-08-21,6:30 PM,8:30 PM,13,5
2017-08-21,3:30 PM,5:00 PM,17,5
2017-08-21,6:30 PM,8:30 PM,17,5
2017-08-21,7:15 PM,8:30 PM,17,5
2017-08-21,10:00 AM,11:00 AM,19,8
2017-08-21,11:00 AM,1:00 PM,13,8
2017-08-21,8:15 PM,9:15 PM,13,8
2017-08-21,2:00 PM,4:00 PM,17,8
2017-08-21,6:30 PM,7:30 PM,17,8
2017-08-21,6:30 AM,9:00 AM,13,9
2017-08-21,10:00 AM,2:00 PM,13,9
2017-08-21,5:00 PM,9:30 PM,13,9
2017-08-21,8:00 AM,1:00 PM,13,14
2017-08-21,4:00 PM,9:00 PM,13,14
2017-08-21,10:30 AM,11:30 AM,26,14
2017-08-21,1:00 PM,4:00 PM,17,14
2017-08-21,6:30 PM,8:00 PM,17,14
2017-08-21,12:00 PM,1:00 PM,13,23
2017-08-21,7:00 PM,8:00 PM,13,23
2017-08-21,6:00 PM,7:00 PM,17,23
2017-08-21,10:30 AM,12:00 PM,25,23
2017-08-21,8:00 AM,9:30 AM,24,27
2017-08-21,7:00 AM,8:00 AM,13,27
2017-08-21,8:30 PM,9:30 PM,13,27
2017-08-21,11:30 AM,1:00 PM,17,27
2017-08-21,1:00 PM,4:00 PM,18,27
2017-08-21,6:30 PM,8:30 PM,18,27
2017-08-21,6:30 AM,8:10 AM,13,33
2017-08-21,11:45 AM,1:00 PM,13,33
2017-08-21,4:30 PM,6:00 PM,13,33
2017-08-21,8:10 PM,10:00 PM,13,33
2017-08-21,11:45 AM,1:00 PM,26,33
2017-08-21,2:30 PM,4:20 PM,17,33
2017-08-21,6:00 PM,8:00 PM,17,33
2017-08-21,7:00 AM,8:30 AM,13,38
2017-08-21,10:30 AM,11:30 AM,13,38
2017-08-21,11:30 AM,1:00 PM,13,38
2017-08-21,5:00 PM,6:00 PM,13,38
2017-08-21,8:00 PM,9:00 PM,13,38
2017-08-21,11:30 AM,1:00 PM,17,38
2017-08-21,2:00 PM,5:00 PM,17,38
2017-08-21,6:00 PM,7:00 PM,17,38
2017-08-21,6:00 AM,7:30 AM,13,40
2017-08-21,8:00 PM,9:00 PM,13,40
2017-08-21,12:00 PM,1:00 PM,17,40
2017-08-21,6:00 PM,7:15 PM,17,40
2017-08-21,1:00 PM,4:00 PM,18,40
2017-08-21,6:00 AM,1:00 PM,13,41
2017-08-21,4:00 PM,9:00 PM,13,41
2017-08-21,1:00 PM,4:00 PM,17,41
2017-08-21,8:00 PM,9:00 PM,17,41
2017-08-21,12:00 PM,1:30 PM,13,45
2017-08-21,8:30 PM,9:30 PM,13,45
2017-08-21,1:30 PM,3:30 PM,17,45
2017-08-21,7:30 PM,8:30 PM,17,45
2017-08-21,6:00 AM,8:00 AM,13,46
2017-08-21,11:00 AM,1:00 PM,13,46
2017-08-21,8:00 PM,9:00 PM,13,46
2017-08-21,11:00 AM,1:00 PM,17,46
2017-08-21,1:00 PM,5:00 PM,18,46
2017-08-21,10:00 AM,11:00 AM,19,47
2017-08-21,7:00 AM,8:30 AM,13,47
2017-08-21,11:00 AM,12:30 PM,13,47
2017-08-21,8:00 PM,9:30 PM,13,47
2017-08-21,4:00 PM,5:00 PM,17,47
2017-08-21,12:00 PM,1:00 PM,13,51
2017-08-21,8:00 PM,9:00 PM,13,51
2017-08-21,1:00 PM,4:00 PM,17,51
2017-08-21,6:30 PM,8:00 PM,17,51
2017-08-22,12:00 PM,1:00 PM,13,NA
2017-08-22,5:00 PM,7:30 PM,13,NA
2017-08-22,2:30 PM,5:00 PM,17,NA
2017-08-22,5:00 PM,7:30 PM,17,NA
2017-08-22,6:00 AM,7:30 AM,13,5
2017-08-22,12:00 PM,1:00 PM,13,5
2017-08-22,8:15 PM,9:30 PM,13,5
2017-08-22,3:00 PM,4:00 PM,17,5
2017-08-22,8:15 PM,9:30 PM,17,5
2017-08-22,11:00 AM,1:00 PM,13,8
2017-08-22,7:30 PM,8:30 PM,13,8
2017-08-22,2:00 PM,4:00 PM,17,8
2017-08-22,6:30 AM,9:00 AM,13,9
2017-08-22,10:00 AM,2:00 PM,13,9
2017-08-22,4:00 PM,9:30 PM,13,9
2017-08-22,6:30 PM,8:00 PM,15,14
2017-08-22,8:00 AM,1:00 PM,13,14
2017-08-22,4:00 PM,9:00 PM,13,14
2017-08-22,10:30 AM,11:30 AM,26,14
2017-08-22,1:00 PM,4:00 PM,17,14
2017-08-22,12:00 PM,1:00 PM,13,23
2017-08-22,10:00 AM,11:00 AM,17,23
2017-08-22,3:00 PM,5:00 PM,17,23
2017-08-22,8:00 AM,9:30 AM,24,27
2017-08-22,7:00 AM,8:00 AM,13,27
2017-08-22,8:30 PM,9:30 PM,13,27
2017-08-22,11:30 AM,1:00 PM,17,27
2017-08-22,1:00 PM,4:00 PM,18,27
2017-08-22,6:30 PM,8:30 PM,18,27
2017-08-22,6:30 AM,8:10 AM,13,33
2017-08-22,11:45 AM,1:00 PM,13,33
2017-08-22,4:30 PM,6:00 PM,13,33
2017-08-22,9:00 PM,10:00 PM,13,33
2017-08-22,2:30 PM,4:20 PM,17,33
2017-08-22,6:00 PM,8:00 PM,17,33
2017-08-22,7:00 AM,8:30 AM,13,38
2017-08-22,10:30 AM,1:00 PM,13,38
2017-08-22,8:00 PM,9:00 PM,13,38
2017-08-22,11:30 AM,1:00 PM,17,38
2017-08-22,2:00 PM,5:00 PM,17,38
2017-08-22,7:00 PM,8:00 PM,17,38
2017-08-22,6:00 AM,7:30 AM,13,40
2017-08-22,8:00 PM,9:00 PM,13,40
2017-08-22,12:00 PM,1:00 PM,17,40
2017-08-22,1:00 PM,4:00 PM,18,40
2017-08-22,6:00 AM,1:00 PM,13,41
2017-08-22,6:00 PM,9:00 PM,13,41
2017-08-22,1:00 PM,4:00 PM,17,41
2017-08-22,8:00 PM,9:00 PM,17,41
2017-08-22,7:00 AM,9:00 AM,13,45
2017-08-22,12:00 PM,1:30 PM,13,45
2017-08-22,8:30 PM,9:30 PM,13,45
2017-08-22,1:30 PM,3:30 PM,17,45
2017-08-22,6:00 AM,8:00 AM,13,46
2017-08-22,11:00 AM,1:00 PM,13,46
2017-08-22,8:00 PM,9:00 PM,13,46
2017-08-22,11:00 AM,1:00 PM,17,46
2017-08-22,1:00 PM,5:00 PM,18,46
2017-08-22,7:30 AM,8:30 AM,13,47
2017-08-22,11:00 AM,12:30 PM,13,47
2017-08-22,8:00 PM,9:30 PM,13,47
2017-08-22,6:30 AM,8:00 AM,13,51
2017-08-22,12:00 PM,1:00 PM,13,51
2017-08-22,1:00 PM,4:00 PM,17,51
2017-08-23,12:00 PM,1:00 PM,13,NA
2017-08-23,5:00 PM,7:30 PM,13,NA
2017-08-23,2:30 PM,5:00 PM,17,NA
2017-08-23,5:00 PM,7:30 PM,17,NA
2017-08-23,6:00 AM,7:30 AM,13,5
2017-08-23,12:00 PM,1:00 PM,13,5
2017-08-23,6:30 PM,8:30 PM,13,5
2017-08-23,3:30 PM,5:00 PM,17,5
2017-08-23,6:30 PM,8:30 PM,17,5
2017-08-23,7:15 PM,8:30 PM,17,5
2017-08-23,10:00 AM,11:00 AM,19,8
2017-08-23,11:00 AM,1:00 PM,13,8
2017-08-23,8:15 PM,9:15 PM,13,8
2017-08-23,2:00 PM,4:00 PM,17,8
2017-08-23,6:30 PM,7:30 PM,17,8
2017-08-23,6:30 AM,9:00 AM,13,9
2017-08-23,10:00 AM,2:00 PM,13,9
2017-08-23,5:00 PM,9:30 PM,13,9
2017-08-23,8:00 AM,1:00 PM,13,14
2017-08-23,4:00 PM,9:00 PM,13,14
2017-08-23,10:30 AM,11:30 AM,26,14
2017-08-23,1:00 PM,4:00 PM,17,14
2017-08-23,6:30 PM,8:00 PM,17,14
2017-08-23,12:00 PM,1:00 PM,13,23
2017-08-23,7:00 PM,8:00 PM,13,23
2017-08-23,6:00 PM,7:00 PM,17,23
2017-08-23,10:30 AM,12:00 PM,25,23
2017-08-23,8:00 PM,9:00 PM,22,23
2017-08-23,8:00 AM,9:30 AM,24,27
2017-08-23,7:00 AM,8:00 AM,13,27
2017-08-23,8:30 PM,9:30 PM,13,27
2017-08-23,11:30 AM,1:00 PM,17,27
2017-08-23,1:00 PM,4:00 PM,18,27
2017-08-23,6:30 PM,8:30 PM,18,27
2017-08-23,6:30 AM,8:10 AM,13,33
2017-08-23,11:45 AM,1:00 PM,13,33
2017-08-23,8:10 PM,10:00 PM,13,33
2017-08-23,11:45 AM,1:00 PM,26,33
2017-08-23,2:30 PM,4:20 PM,17,33
2017-08-23,6:00 PM,8:00 PM,17,33
2017-08-23,7:00 AM,8:30 AM,13,38
2017-08-23,10:30 AM,11:30 AM,13,38
2017-08-23,11:30 AM,1:00 PM,13,38
2017-08-23,8:00 PM,9:00 PM,13,38
2017-08-23,11:30 AM,1:00 PM,17,38
2017-08-23,2:00 PM,5:00 PM,17,38
2017-08-23,6:00 AM,7:30 AM,13,40
2017-08-23,8:00 PM,9:00 PM,13,40
2017-08-23,12:00 PM,1:00 PM,17,40
2017-08-23,4:00 PM,6:00 PM,17,40
2017-08-23,1:00 PM,4:00 PM,18,40
2017-08-23,6:00 AM,1:00 PM,13,41
2017-08-23,4:00 PM,9:00 PM,13,41
2017-08-23,1:00 PM,4:00 PM,17,41
2017-08-23,8:00 PM,9:00 PM,17,41
2017-08-23,12:00 PM,1:30 PM,13,45
2017-08-23,8:30 PM,9:30 PM,13,45
2017-08-23,1:30 PM,3:30 PM,17,45
2017-08-23,7:30 PM,8:30 PM,17,45
2017-08-23,6:00 AM,8:00 AM,13,46
2017-08-23,11:00 AM,1:00 PM,13,46
2017-08-23,8:00 PM,9:00 PM,13,46
2017-08-23,11:00 AM,1:00 PM,17,46
2017-08-23,1:00 PM,5:00 PM,18,46
2017-08-23,10:00 AM,11:00 AM,19,47
2017-08-23,7:00 AM,8:30 AM,13,47
2017-08-23,11:00 AM,12:30 PM,13,47
2017-08-23,8:00 PM,9:30 PM,13,47
2017-08-23,4:00 PM,5:00 PM,17,47
2017-08-23,12:00 PM,1:00 PM,13,51
2017-08-23,8:00 PM,9:00 PM,13,51
2017-08-23,1:00 PM,4:00 PM,17,51
2017-08-23,6:30 PM,8:00 PM,17,51
2017-08-24,12:00 PM,1:00 PM,13,NA
2017-08-24,5:00 PM,7:30 PM,13,NA
2017-08-24,2:30 PM,5:00 PM,17,NA
2017-08-24,5:00 PM,7:30 PM,17,NA
2017-08-24,6:00 AM,7:30 AM,13,5
2017-08-24,12:00 PM,1:00 PM,13,5
2017-08-24,8:15 PM,9:30 PM,13,5
2017-08-24,3:00 PM,4:00 PM,17,5
2017-08-24,8:15 PM,9:30 PM,17,5
2017-08-24,11:00 AM,1:00 PM,13,8
2017-08-24,7:30 PM,8:30 PM,13,8
2017-08-24,2:00 PM,4:00 PM,17,8
2017-08-24,10:00 AM,2:00 PM,13,9
2017-08-24,4:00 PM,9:30 PM,13,9
2017-08-24,6:30 PM,8:00 PM,15,14
2017-08-24,8:00 AM,1:00 PM,13,14
2017-08-24,4:00 PM,9:00 PM,13,14
2017-08-24,10:30 AM,11:30 AM,26,14
2017-08-24,1:00 PM,4:00 PM,17,14
2017-08-24,12:00 PM,1:00 PM,13,23
2017-08-24,11:00 AM,12:00 PM,17,23
2017-08-24,3:00 PM,6:00 PM,17,23
2017-08-24,7:00 PM,8:00 PM,25,23
2017-08-24,8:00 AM,9:30 AM,24,27
2017-08-24,7:00 AM,8:00 AM,13,27
2017-08-24,8:30 PM,9:30 PM,13,27
2017-08-24,11:30 AM,1:00 PM,17,27
2017-08-24,1:00 PM,4:00 PM,18,27
2017-08-24,6:30 PM,8:30 PM,18,27
2017-08-24,6:30 AM,8:10 AM,13,33
2017-08-24,11:45 AM,1:00 PM,13,33
2017-08-24,9:00 PM,10:00 PM,13,33
2017-08-24,2:30 PM,4:00 PM,17,33
2017-08-24,10:30 AM,1:00 PM,13,38
2017-08-24,8:00 PM,9:00 PM,13,38
2017-08-24,11:30 AM,1:00 PM,17,38
2017-08-24,2:00 PM,5:00 PM,17,38
2017-08-24,7:00 PM,8:00 PM,17,38
2017-08-24,6:00 AM,7:30 AM,13,40
2017-08-24,8:00 PM,9:00 PM,13,40
2017-08-24,12:00 PM,1:00 PM,17,40
2017-08-24,1:00 PM,4:00 PM,18,40
2017-08-24,6:00 AM,1:00 PM,13,41
2017-08-24,6:00 PM,9:00 PM,13,41
2017-08-24,1:00 PM,4:00 PM,17,41
2017-08-24,8:00 PM,9:00 PM,17,41
2017-08-24,7:00 AM,9:00 AM,13,45
2017-08-24,12:00 PM,1:30 PM,13,45
2017-08-24,8:30 PM,9:30 PM,13,45
2017-08-24,1:30 PM,3:30 PM,17,45
2017-08-24,6:00 AM,8:00 AM,13,46
2017-08-24,11:00 AM,1:00 PM,13,46
2017-08-24,5:00 PM,8:00 PM,13,46
2017-08-24,8:00 PM,9:00 PM,13,46
2017-08-24,11:00 AM,1:00 PM,17,46
2017-08-24,5:00 PM,8:00 PM,17,46
2017-08-24,1:00 PM,5:00 PM,18,46
2017-08-24,7:30 AM,8:30 AM,13,47
2017-08-24,11:00 AM,12:30 PM,13,47
2017-08-24,8:00 PM,9:30 PM,13,47
2017-08-24,4:00 PM,5:00 PM,17,47
2017-08-24,6:30 AM,8:00 AM,13,51
2017-08-24,12:00 PM,1:00 PM,13,51
2017-08-24,8:00 PM,9:00 PM,13,51
2017-08-24,1:00 PM,4:00 PM,17,51
2017-08-24,6:30 PM,8:00 PM,17,51
2017-08-25,12:00 PM,1:00 PM,13,NA
2017-08-25,2:30 PM,8:00 PM,17,NA
2017-08-25,6:00 AM,7:30 AM,13,5
2017-08-25,12:00 PM,1:00 PM,13,5
2017-08-25,3:30 PM,7:30 PM,13,5
2017-08-25,3:30 PM,7:30 PM,17,5
2017-08-25,10:00 AM,11:00 AM,19,8
2017-08-25,11:00 AM,1:00 PM,13,8
2017-08-25,2:00 PM,4:00 PM,17,8
2017-08-25,6:30 PM,7:30 PM,17,8
2017-08-25,6:30 AM,9:00 AM,13,9
2017-08-25,10:00 AM,2:00 PM,13,9
2017-08-25,4:00 PM,9:30 PM,13,9
2017-08-25,8:00 AM,1:00 PM,13,14
2017-08-25,4:00 PM,8:00 PM,13,14
2017-08-25,10:30 AM,11:30 AM,26,14
2017-08-25,1:00 PM,4:00 PM,17,14
2017-08-25,12:00 PM,1:00 PM,13,23
2017-08-25,6:00 PM,7:00 PM,17,23
2017-08-25,10:30 AM,12:00 PM,25,23
2017-08-25,8:00 AM,9:30 AM,24,27
2017-08-25,7:00 AM,8:00 AM,13,27
2017-08-25,11:30 AM,1:00 PM,17,27
2017-08-25,1:00 PM,4:00 PM,18,27
2017-08-25,6:30 PM,8:30 PM,18,27
2017-08-25,6:30 AM,8:10 AM,13,33
2017-08-25,11:45 AM,1:00 PM,13,33
2017-08-25,4:30 PM,6:00 PM,13,33
2017-08-25,8:10 PM,10:00 PM,13,33
2017-08-25,11:45 AM,1:00 PM,26,33
2017-08-25,2:30 PM,4:20 PM,17,33
2017-08-25,6:00 PM,8:00 PM,17,33
2017-08-25,7:00 AM,8:30 AM,13,38
2017-08-25,10:30 AM,11:30 AM,13,38
2017-08-25,11:30 AM,1:00 PM,13,38
2017-08-25,5:00 PM,6:00 PM,13,38
2017-08-25,7:30 PM,9:00 PM,13,38
2017-08-25,11:30 AM,1:00 PM,17,38
2017-08-25,2:00 PM,5:00 PM,17,38
2017-08-25,6:00 PM,7:00 PM,17,38
2017-08-25,6:00 PM,7:30 PM,17,38
2017-08-25,6:00 AM,7:30 AM,13,40
2017-08-25,12:00 PM,1:00 PM,17,40
2017-08-25,1:00 PM,4:00 PM,18,40
2017-08-25,7:00 PM,9:00 PM,18,40
2017-08-25,6:00 AM,1:00 PM,13,41
2017-08-25,4:00 PM,9:00 PM,13,41
2017-08-25,1:00 PM,4:00 PM,17,41
2017-08-25,8:00 PM,9:00 PM,17,41
2017-08-25,12:00 PM,1:30 PM,13,45
2017-08-25,1:30 PM,3:30 PM,17,45
2017-08-25,7:45 PM,8:45 PM,23,45
2017-08-25,6:00 AM,8:00 AM,13,46
2017-08-25,11:00 AM,1:00 PM,13,46
2017-08-25,11:00 AM,1:00 PM,17,46
2017-08-25,1:00 PM,5:00 PM,18,46
2017-08-25,10:00 AM,11:00 AM,19,47
2017-08-25,7:00 PM,8:00 PM,15,47
2017-08-25,7:00 AM,8:30 AM,13,47
2017-08-25,11:00 AM,12:30 PM,13,47
2017-08-25,9:00 PM,9:50 PM,13,47
2017-08-25,8:00 PM,9:00 PM,17,47
2017-08-25,12:00 PM,1:00 PM,13,51
2017-08-25,8:00 PM,9:00 PM,13,51
2017-08-25,1:00 PM,4:00 PM,17,51
2017-08-25,6:30 PM,8:00 PM,17,51
2017-08-26,11:00 AM,1:00 PM,15,NA
2017-08-26,11:00 AM,1:00 PM,13,NA
2017-08-26,1:00 PM,6:00 PM,17,NA
2017-08-26,11:00 AM,1:00 PM,13,8
2017-08-26,1:00 PM,3:00 PM,17,8
2017-08-26,3:00 PM,4:00 PM,23,8
2017-08-26,10:00 AM,2:00 PM,13,9
2017-08-26,8:30 AM,4:00 PM,13,14
2017-08-26,10:30 AM,11:30 AM,26,14
2017-08-26,1:00 PM,4:00 PM,17,14
2017-08-26,2:00 PM,3:00 PM,13,23
2017-08-26,1:00 PM,2:00 PM,17,23
2017-08-26,4:45 PM,5:45 PM,23,23
2017-08-26,11:30 AM,1:00 PM,17,27
2017-08-26,1:00 PM,4:00 PM,18,27
2017-08-26,6:30 PM,8:30 PM,18,27
2017-08-26,12:00 PM,1:50 PM,13,33
2017-08-26,12:00 PM,1:50 PM,26,33
2017-08-26,2:00 PM,5:45 PM,17,33
2017-08-26,12:00 PM,1:30 PM,13,38
2017-08-26,4:00 PM,5:00 PM,13,38
2017-08-26,1:30 PM,4:00 PM,17,38
2017-08-26,8:00 AM,9:00 AM,13,40
2017-08-26,5:00 PM,6:00 PM,13,40
2017-08-26,11:00 AM,1:00 PM,17,40
2017-08-26,1:00 PM,5:00 PM,18,40
2017-08-26,8:30 AM,1:00 PM,13,41
2017-08-26,4:00 PM,7:00 PM,13,41
2017-08-26,1:00 PM,4:00 PM,17,41
2017-08-26,12:00 PM,1:30 PM,13,45
2017-08-26,1:30 PM,3:30 PM,17,45
2017-08-26,11:30 AM,1:00 PM,13,46
2017-08-26,11:30 AM,1:00 PM,17,46
2017-08-26,1:00 PM,5:00 PM,18,46
2017-08-26,1:30 PM,3:00 PM,15,47
2017-08-26,12:00 PM,1:30 PM,13,47
2017-08-26,3:00 PM,4:30 PM,17,47
2017-08-26,9:30 AM,10:30 AM,15,51
2017-08-26,12:00 PM,1:00 PM,13,51
2017-08-26,1:00 PM,4:00 PM,17,51
2017-08-26,6:30 PM,8:00 PM,17,51
2017-08-27,11:00 AM,1:00 PM,15,NA
2017-08-27,11:00 AM,1:00 PM,13,NA
2017-08-27,1:00 PM,6:00 PM,17,NA
2017-08-27,11:00 AM,1:00 PM,13,8
2017-08-27,10:00 AM,2:00 PM,13,9
2017-08-27,8:30 AM,4:00 PM,13,14
2017-08-27,10:30 AM,11:30 AM,26,14
2017-08-27,1:00 PM,4:00 PM,17,14
2017-08-27,2:00 PM,3:00 PM,13,23
2017-08-27,12:00 PM,2:00 PM,17,23
2017-08-27,5:30 PM,6:30 PM,23,23
2017-08-27,11:30 AM,1:00 PM,17,27
2017-08-27,1:00 PM,4:00 PM,18,27
2017-08-27,8:00 AM,10:00 AM,13,33
2017-08-27,8:45 AM,10:00 AM,26,33
2017-08-27,11:30 AM,3:00 PM,17,33
2017-08-27,12:00 PM,1:30 PM,13,38
2017-08-27,4:00 PM,5:00 PM,13,38
2017-08-27,1:30 PM,4:00 PM,17,38
2017-08-27,8:00 AM,9:00 AM,13,40
2017-08-27,9:00 AM,11:00 AM,17,40
2017-08-27,11:00 AM,4:00 PM,18,40
2017-08-27,8:30 AM,1:00 PM,13,41
2017-08-27,4:00 PM,7:00 PM,13,41
2017-08-27,1:00 PM,4:00 PM,17,41
2017-08-27,12:00 PM,1:30 PM,13,45
2017-08-27,1:30 PM,3:30 PM,17,45
2017-08-27,10:00 AM,12:00 PM,13,46
2017-08-27,10:00 AM,12:00 PM,17,46
2017-08-27,12:00 PM,4:00 PM,18,46
2017-08-27,1:30 PM,3:00 PM,15,47
2017-08-27,12:00 PM,1:30 PM,13,47
2017-08-27,3:00 PM,4:30 PM,17,47
2017-08-27,9:30 AM,10:30 AM,15,51
2017-08-27,12:00 PM,1:00 PM,13,51
2017-08-27,1:00 PM,4:00 PM,17,51
2017-08-27,6:30 PM,8:00 PM,17,51
2017-08-28,12:00 PM,6:00 PM,17,NA
2017-08-28,10:00 AM,11:00 AM,19,8
2017-08-28,11:00 AM,1:00 PM,13,8
2017-08-28,8:15 PM,9:15 PM,13,8
2017-08-28,2:00 PM,4:00 PM,17,8
2017-08-28,6:30 PM,7:30 PM,17,8
2017-08-28,6:30 AM,9:00 AM,13,9
2017-08-28,10:00 AM,2:00 PM,13,9
2017-08-28,5:00 PM,9:30 PM,13,9
2017-08-28,8:00 AM,1:00 PM,13,14
2017-08-28,4:00 PM,9:00 PM,13,14
2017-08-28,10:30 AM,11:30 AM,26,14
2017-08-28,1:00 PM,4:00 PM,17,14
2017-08-28,6:30 PM,8:00 PM,17,14
2017-08-28,12:00 PM,1:00 PM,13,23
2017-08-28,7:00 PM,8:00 PM,13,23
2017-08-28,6:00 PM,7:00 PM,17,23
2017-08-28,10:30 AM,12:00 PM,25,23
2017-08-28,8:00 AM,9:30 AM,24,27
2017-08-28,7:00 AM,8:00 AM,13,27
2017-08-28,8:30 PM,9:30 PM,13,27
2017-08-28,11:30 AM,1:00 PM,17,27
2017-08-28,1:00 PM,4:00 PM,18,27
2017-08-28,6:30 PM,8:30 PM,18,27
2017-08-28,6:30 AM,8:10 AM,13,33
2017-08-28,11:45 AM,1:00 PM,13,33
2017-08-28,4:30 PM,6:00 PM,13,33
2017-08-28,8:10 PM,10:00 PM,13,33
2017-08-28,11:45 AM,1:00 PM,26,33
2017-08-28,2:30 PM,4:20 PM,17,33
2017-08-28,6:00 PM,8:00 PM,17,33
2017-08-28,7:00 AM,8:30 AM,13,38
2017-08-28,10:30 AM,11:30 AM,13,38
2017-08-28,11:30 AM,1:00 PM,13,38
2017-08-28,5:00 PM,6:00 PM,13,38
2017-08-28,8:00 PM,9:00 PM,13,38
2017-08-28,11:30 AM,1:00 PM,17,38
2017-08-28,2:00 PM,5:00 PM,17,38
2017-08-28,6:00 PM,7:00 PM,17,38
2017-08-28,6:00 AM,7:30 AM,13,40
2017-08-28,8:00 PM,9:00 PM,13,40
2017-08-28,12:00 PM,1:00 PM,17,40
2017-08-28,6:00 PM,7:15 PM,17,40
2017-08-28,1:00 PM,4:00 PM,18,40
2017-08-28,6:00 AM,1:00 PM,13,41
2017-08-28,4:00 PM,9:00 PM,13,41
2017-08-28,1:00 PM,4:00 PM,17,41
2017-08-28,8:00 PM,9:00 PM,17,41
2017-08-28,12:00 PM,1:30 PM,13,45
2017-08-28,8:30 PM,9:30 PM,13,45
2017-08-28,1:30 PM,3:30 PM,17,45
2017-08-28,7:30 PM,8:30 PM,17,45
2017-08-28,6:00 AM,8:00 AM,13,46
2017-08-28,11:00 AM,1:00 PM,13,46
2017-08-28,8:00 PM,9:00 PM,13,46
2017-08-28,11:00 AM,1:00 PM,17,46
2017-08-28,1:00 PM,5:00 PM,18,46
2017-08-28,10:00 AM,11:00 AM,19,47
2017-08-28,7:00 AM,8:30 AM,13,47
2017-08-28,11:00 AM,12:30 PM,13,47
2017-08-28,8:00 PM,9:30 PM,13,47
2017-08-28,4:00 PM,5:00 PM,17,47
2017-08-28,12:00 PM,1:00 PM,13,51
2017-08-28,8:00 PM,9:00 PM,13,51
2017-08-28,1:00 PM,4:00 PM,17,51
2017-08-28,6:30 PM,8:00 PM,17,51
2017-08-29,12:00 PM,6:00 PM,17,NA
2017-08-29,10:00 AM,2:00 PM,13,9
2017-08-29,4:00 PM,9:30 PM,13,9
2017-08-29,6:30 PM,8:00 PM,15,14
2017-08-29,8:00 AM,1:00 PM,13,14
2017-08-29,4:00 PM,9:00 PM,13,14
2017-08-29,10:30 AM,11:30 AM,26,14
2017-08-29,1:00 PM,4:00 PM,17,14
2017-08-29,12:00 PM,1:00 PM,13,23
2017-08-29,10:00 AM,11:00 AM,17,23
2017-08-29,3:00 PM,5:00 PM,17,23
2017-08-29,8:00 AM,9:30 AM,24,27
2017-08-29,7:00 AM,8:00 AM,13,27
2017-08-29,8:30 PM,9:30 PM,13,27
2017-08-29,11:30 AM,1:00 PM,17,27
2017-08-29,1:00 PM,4:00 PM,18,27
2017-08-29,6:30 PM,8:30 PM,18,27
2017-08-29,6:30 AM,8:10 AM,13,33
2017-08-29,11:45 AM,1:00 PM,13,33
2017-08-29,4:30 PM,6:00 PM,13,33
2017-08-29,9:00 PM,10:00 PM,13,33
2017-08-29,2:30 PM,4:20 PM,17,33
2017-08-29,6:00 PM,8:00 PM,17,33
2017-08-29,7:00 AM,8:30 AM,13,38
2017-08-29,10:30 AM,1:00 PM,13,38
2017-08-29,8:00 PM,9:00 PM,13,38
2017-08-29,11:30 AM,1:00 PM,17,38
2017-08-29,2:00 PM,5:00 PM,17,38
2017-08-29,7:00 PM,8:00 PM,17,38
2017-08-29,6:00 AM,7:30 AM,13,40
2017-08-29,8:00 PM,9:00 PM,13,40
2017-08-29,12:00 PM,1:00 PM,17,40
2017-08-29,1:00 PM,4:00 PM,18,40
2017-08-29,6:00 AM,1:00 PM,13,41
2017-08-29,6:00 PM,9:00 PM,13,41
2017-08-29,1:00 PM,4:00 PM,17,41
2017-08-29,8:00 PM,9:00 PM,17,41
2017-08-29,7:00 AM,9:00 AM,13,45
2017-08-29,12:00 PM,1:30 PM,13,45
2017-08-29,8:30 PM,9:30 PM,13,45
2017-08-29,1:30 PM,3:30 PM,17,45
2017-08-29,6:00 AM,8:00 AM,13,46
2017-08-29,11:00 AM,1:00 PM,13,46
2017-08-29,8:00 PM,9:00 PM,13,46
2017-08-29,11:00 AM,1:00 PM,17,46
2017-08-29,1:00 PM,5:00 PM,18,46
2017-08-29,7:30 AM,8:30 AM,13,47
2017-08-29,11:00 AM,12:30 PM,13,47
2017-08-29,8:00 PM,9:30 PM,13,47
2017-08-29,6:30 AM,8:00 AM,13,51
2017-08-29,12:00 PM,1:00 PM,13,51
2017-08-29,1:00 PM,4:00 PM,17,51
2017-08-30,12:00 PM,6:00 PM,17,NA
2017-08-30,10:00 AM,2:00 PM,13,9
2017-08-30,5:00 PM,9:30 PM,13,9
2017-08-30,8:00 AM,1:00 PM,13,14
2017-08-30,4:00 PM,9:00 PM,13,14
2017-08-30,10:30 AM,11:30 AM,26,14
2017-08-30,1:00 PM,4:00 PM,17,14
2017-08-30,6:30 PM,8:00 PM,17,14
2017-08-30,12:00 PM,1:00 PM,13,23
2017-08-30,7:00 PM,8:00 PM,13,23
2017-08-30,6:00 PM,7:00 PM,17,23
2017-08-30,10:30 AM,12:00 PM,25,23
2017-08-30,8:00 PM,9:00 PM,22,23
2017-08-30,8:00 AM,9:30 AM,24,27
2017-08-30,7:00 AM,8:00 AM,13,27
2017-08-30,8:30 PM,9:30 PM,13,27
2017-08-30,11:30 AM,1:00 PM,17,27
2017-08-30,1:00 PM,4:00 PM,18,27
2017-08-30,6:30 PM,8:30 PM,18,27
2017-08-30,6:30 AM,8:10 AM,13,33
2017-08-30,11:45 AM,1:00 PM,13,33
2017-08-30,8:10 PM,10:00 PM,13,33
2017-08-30,11:45 AM,1:00 PM,26,33
2017-08-30,2:30 PM,4:20 PM,17,33
2017-08-30,6:00 PM,8:00 PM,17,33
2017-08-30,7:00 AM,8:30 AM,13,38
2017-08-30,10:30 AM,11:30 AM,13,38
2017-08-30,11:30 AM,1:00 PM,13,38
2017-08-30,8:00 PM,9:00 PM,13,38
2017-08-30,11:30 AM,1:00 PM,17,38
2017-08-30,2:00 PM,5:00 PM,17,38
2017-08-30,6:00 AM,7:30 AM,13,40
2017-08-30,8:00 PM,9:00 PM,13,40
2017-08-30,12:00 PM,1:00 PM,17,40
2017-08-30,4:00 PM,6:00 PM,17,40
2017-08-30,1:00 PM,4:00 PM,18,40
2017-08-30,6:00 AM,1:00 PM,13,41
2017-08-30,4:00 PM,9:00 PM,13,41
2017-08-30,1:00 PM,4:00 PM,17,41
2017-08-30,8:00 PM,9:00 PM,17,41
2017-08-30,12:00 PM,1:30 PM,13,45
2017-08-30,8:30 PM,9:30 PM,13,45
2017-08-30,1:30 PM,3:30 PM,17,45
2017-08-30,7:30 PM,8:30 PM,17,45
2017-08-30,6:00 AM,8:00 AM,13,46
2017-08-30,11:00 AM,1:00 PM,13,46
2017-08-30,8:00 PM,9:00 PM,13,46
2017-08-30,11:00 AM,1:00 PM,17,46
2017-08-30,1:00 PM,5:00 PM,18,46
2017-08-30,10:00 AM,11:00 AM,19,47
2017-08-30,7:00 AM,8:30 AM,13,47
2017-08-30,11:00 AM,12:30 PM,13,47
2017-08-30,8:00 PM,9:30 PM,13,47
2017-08-30,4:00 PM,5:00 PM,17,47
2017-08-30,12:00 PM,1:00 PM,13,51
2017-08-30,1:00 PM,4:00 PM,17,51
2017-08-31,12:00 PM,6:00 PM,17,NA
2017-08-31,10:00 AM,2:00 PM,13,9
2017-08-31,4:00 PM,9:30 PM,13,9
2017-08-31,6:30 PM,8:00 PM,15,14
2017-08-31,8:00 AM,1:00 PM,13,14
2017-08-31,4:00 PM,9:00 PM,13,14
2017-08-31,10:30 AM,11:30 AM,26,14
2017-08-31,1:00 PM,4:00 PM,17,14
2017-08-31,12:00 PM,1:00 PM,13,23
2017-08-31,11:00 AM,12:00 PM,17,23
2017-08-31,3:00 PM,6:00 PM,17,23
2017-08-31,7:00 PM,8:00 PM,25,23
2017-08-31,8:00 AM,9:30 AM,24,27
2017-08-31,7:00 AM,8:00 AM,13,27
2017-08-31,8:30 PM,9:30 PM,13,27
2017-08-31,11:30 AM,1:00 PM,17,27
2017-08-31,1:00 PM,4:00 PM,18,27
2017-08-31,6:30 PM,8:30 PM,18,27
2017-08-31,6:30 AM,8:10 AM,13,33
2017-08-31,11:45 AM,1:00 PM,13,33
2017-08-31,9:00 PM,10:00 PM,13,33
2017-08-31,2:30 PM,4:00 PM,17,33
2017-08-31,10:30 AM,1:00 PM,13,38
2017-08-31,8:00 PM,9:00 PM,13,38
2017-08-31,11:30 AM,1:00 PM,17,38
2017-08-31,2:00 PM,5:00 PM,17,38
2017-08-31,7:00 PM,8:00 PM,17,38
2017-08-31,6:00 AM,7:30 AM,13,40
2017-08-31,8:00 PM,9:00 PM,13,40
2017-08-31,12:00 PM,1:00 PM,17,40
2017-08-31,1:00 PM,4:00 PM,18,40
2017-08-31,6:00 AM,1:00 PM,13,41
2017-08-31,6:00 PM,9:00 PM,13,41
2017-08-31,1:00 PM,4:00 PM,17,41
2017-08-31,8:00 PM,9:00 PM,17,41
2017-08-31,7:00 AM,9:00 AM,13,45
2017-08-31,12:00 PM,1:30 PM,13,45
2017-08-31,8:30 PM,9:30 PM,13,45
2017-08-31,1:30 PM,3:30 PM,17,45
2017-08-31,6:00 AM,8:00 AM,13,46
2017-08-31,11:00 AM,1:00 PM,13,46
2017-08-31,5:00 PM,8:00 PM,13,46
2017-08-31,8:00 PM,9:00 PM,13,46
2017-08-31,11:00 AM,1:00 PM,17,46
2017-08-31,5:00 PM,8:00 PM,17,46
2017-08-31,1:00 PM,5:00 PM,18,46
2017-08-31,7:30 AM,8:30 AM,13,47
2017-08-31,11:00 AM,12:30 PM,13,47
2017-08-31,8:00 PM,9:30 PM,13,47
2017-08-31,4:00 PM,5:00 PM,17,47
2017-08-31,6:30 AM,8:00 AM,13,51
2017-08-31,12:00 PM,1:00 PM,13,51
2017-08-31,8:00 PM,9:00 PM,13,51
2017-08-31,1:00 PM,4:00 PM,17,51
2017-08-31,6:30 PM,8:00 PM,17,51
2017-09-01,12:00 PM,6:00 PM,17,NA
2017-09-01,10:00 AM,2:00 PM,13,9
2017-09-01,4:00 PM,9:30 PM,13,9
2017-09-01,8:00 AM,1:00 PM,13,14
2017-09-01,4:00 PM,9:00 PM,13,14
2017-09-01,10:30 AM,11:30 AM,26,14
2017-09-01,1:00 PM,4:00 PM,17,14
2017-09-01,6:30 PM,8:00 PM,17,14
2017-09-01,12:00 PM,1:00 PM,13,23
2017-09-01,6:00 PM,7:00 PM,17,23
2017-09-01,10:30 AM,12:00 PM,25,23
2017-09-01,8:00 AM,9:30 AM,24,27
2017-09-01,7:00 AM,8:00 AM,13,27
2017-09-01,11:30 AM,1:00 PM,17,27
2017-09-01,1:00 PM,4:00 PM,18,27
2017-09-01,6:30 PM,8:30 PM,18,27
2017-09-01,6:30 AM,8:10 AM,13,33
2017-09-01,11:45 AM,1:00 PM,13,33
2017-09-01,4:30 PM,6:00 PM,13,33
2017-09-01,8:10 PM,10:00 PM,13,33
2017-09-01,11:45 AM,1:00 PM,26,33
2017-09-01,2:30 PM,4:20 PM,17,33
2017-09-01,6:00 PM,8:00 PM,17,33
2017-09-01,7:00 AM,8:30 AM,13,38
2017-09-01,10:30 AM,11:30 AM,13,38
2017-09-01,11:30 AM,1:00 PM,13,38
2017-09-01,5:00 PM,6:00 PM,13,38
2017-09-01,11:30 AM,1:00 PM,17,38
2017-09-01,2:00 PM,5:00 PM,17,38
2017-09-01,6:00 PM,7:00 PM,17,38
2017-09-01,6:00 AM,7:30 AM,13,40
2017-09-01,12:00 PM,1:00 PM,17,40
2017-09-01,1:00 PM,4:00 PM,18,40
2017-09-01,7:00 PM,9:00 PM,18,40
2017-09-01,6:00 AM,1:00 PM,13,41
2017-09-01,4:00 PM,9:00 PM,13,41
2017-09-01,1:00 PM,4:00 PM,17,41
2017-09-01,8:00 PM,9:00 PM,17,41
2017-09-01,12:00 PM,1:30 PM,13,45
2017-09-01,1:30 PM,3:30 PM,17,45
2017-09-01,7:45 PM,8:45 PM,23,45
2017-09-01,6:00 AM,8:00 AM,13,46
2017-09-01,11:00 AM,1:00 PM,13,46
2017-09-01,11:00 AM,1:00 PM,17,46
2017-09-01,1:00 PM,5:00 PM,18,46
2017-09-01,10:00 AM,11:00 AM,19,47
2017-09-01,7:00 PM,8:00 PM,15,47
2017-09-01,7:00 AM,8:30 AM,13,47
2017-09-01,11:00 AM,12:30 PM,13,47
2017-09-01,9:00 PM,9:50 PM,13,47
2017-09-01,8:00 PM,9:00 PM,17,47
2017-09-01,12:00 PM,1:00 PM,13,51
2017-09-01,8:00 PM,9:00 PM,13,51
2017-09-01,1:00 PM,4:00 PM,17,51
2017-09-01,6:30 PM,8:00 PM,17,51
2017-09-02,12:00 PM,6:00 PM,17,NA
2017-09-02,10:00 AM,2:00 PM,13,9
2017-09-02,8:30 AM,4:00 PM,13,14
2017-09-02,10:30 AM,11:30 AM,26,14
2017-09-02,1:00 PM,4:00 PM,17,14
2017-09-02,2:00 PM,3:00 PM,13,23
2017-09-02,1:00 PM,2:00 PM,17,23
2017-09-02,4:45 PM,5:45 PM,23,23
2017-09-02,10:00 AM,12:00 PM,17,27
2017-09-02,12:00 PM,3:00 PM,18,27
2017-09-02,12:00 PM,1:50 PM,13,33
2017-09-02,12:00 PM,1:50 PM,26,33
2017-09-02,2:00 PM,5:45 PM,17,33
2017-09-02,12:00 PM,1:30 PM,13,38
2017-09-02,4:00 PM,5:00 PM,13,38
2017-09-02,1:30 PM,4:00 PM,17,38
2017-09-02,8:00 AM,9:00 AM,13,40
2017-09-02,5:00 PM,6:00 PM,13,40
2017-09-02,11:00 AM,1:00 PM,17,40
2017-09-02,12:00 PM,1:30 PM,13,45
2017-09-02,1:30 PM,3:30 PM,17,45
2017-09-02,11:30 AM,1:00 PM,13,46
2017-09-02,11:30 AM,1:00 PM,17,46
2017-09-02,1:30 PM,3:00 PM,15,47
2017-09-02,12:00 PM,1:30 PM,13,47
2017-09-02,3:00 PM,4:30 PM,17,47
2017-09-02,9:30 AM,10:30 AM,15,51
2017-09-02,12:00 PM,1:00 PM,13,51
2017-09-02,1:00 PM,4:00 PM,17,51
2017-09-02,6:30 PM,8:00 PM,17,51
2017-09-03,12:00 PM,6:00 PM,17,NA
2017-09-03,10:00 AM,2:00 PM,13,9
2017-09-03,8:30 AM,4:00 PM,13,14
2017-09-03,10:30 AM,11:30 AM,26,14
2017-09-03,1:00 PM,4:00 PM,17,14
2017-09-03,2:00 PM,3:00 PM,13,23
2017-09-03,12:00 PM,2:00 PM,17,23
2017-09-03,5:30 PM,6:30 PM,23,23
2017-09-03,10:00 AM,12:00 PM,17,27
2017-09-03,12:00 PM,3:00 PM,18,27
2017-09-03,8:00 AM,10:00 AM,13,33
2017-09-03,8:45 AM,10:00 AM,26,33
2017-09-03,11:30 AM,3:00 PM,17,33
2017-09-03,12:00 PM,1:30 PM,13,38
2017-09-03,4:00 PM,5:00 PM,13,38
2017-09-03,1:30 PM,4:00 PM,17,38
2017-09-03,8:00 AM,9:00 AM,13,40
2017-09-03,9:00 AM,11:00 AM,17,40
2017-09-03,12:00 PM,1:30 PM,13,45
2017-09-03,1:30 PM,3:30 PM,17,45
2017-09-03,10:00 AM,12:00 PM,13,46
2017-09-03,10:00 AM,12:00 PM,17,46
2017-09-03,1:30 PM,3:00 PM,15,47
2017-09-03,12:00 PM,1:30 PM,13,47
2017-09-03,3:00 PM,4:30 PM,17,47
2017-09-03,9:30 AM,10:30 AM,15,51
2017-09-03,1:00 PM,4:00 PM,17,51
2017-09-03,6:30 PM,8:00 PM,17,51
2017-09-04,10:00 AM,12:00 PM,17,27
2017-09-04,12:00 PM,3:00 PM,18,27
2017-09-04,8:30 AM,11:00 AM,13,33
2017-09-04,9:30 AM,11:00 AM,26,33
2017-09-04,11:30 AM,3:30 PM,17,33
2017-09-04,12:00 PM,1:00 PM,13,51
2017-09-04,1:00 PM,2:00 PM,13,51
2017-09-04,7:30 PM,9:00 PM,13,51
2017-09-04,11:30 AM,1:00 PM,17,51
2017-09-04,1:00 PM,4:00 PM,17,51
2017-09-04,2:00 PM,3:00 PM,17,51
2017-09-05,6:30 AM,9:00 AM,13,9
2017-09-05,10:00 AM,2:00 PM,13,9
2017-09-05,4:00 PM,9:30 PM,13,9
2017-09-05,6:30 AM,3:00 PM,24,27
2017-09-05,8:00 AM,9:00 AM,13,27
2017-09-05,1:00 PM,2:00 PM,26,27
2017-09-05,11:00 AM,1:00 PM,17,27
2017-09-05,6:00 AM,8:30 AM,13,33
2017-09-05,8:30 AM,11:00 AM,13,33
2017-09-05,11:00 AM,3:00 PM,13,33
2017-09-05,9:00 PM,10:15 PM,13,33
2017-09-05,1:30 PM,3:00 PM,26,33
2017-09-05,11:00 AM,1:00 PM,17,33
2017-09-05,6:30 PM,8:00 PM,17,33
2017-09-05,7:00 AM,9:00 AM,13,38
2017-09-05,9:00 AM,11:30 AM,13,38
2017-09-05,11:30 AM,1:00 PM,13,38
2017-09-05,1:00 PM,4:00 PM,13,38
2017-09-05,4:00 PM,5:00 PM,13,38
2017-09-05,8:30 PM,9:30 PM,13,38
2017-09-05,11:30 AM,1:00 PM,17,38
2017-09-05,4:00 PM,5:00 PM,17,38
2017-09-05,6:00 PM,7:30 PM,17,38
2017-09-05,7:30 AM,8:30 AM,13,51
2017-09-05,10:30 AM,11:30 AM,13,51
2017-09-05,8:00 PM,9:00 PM,13,51
2017-09-05,9:30 AM,10:30 AM,17,51
2017-09-05,11:30 AM,1:00 PM,17,51
2017-09-06,6:30 AM,9:00 AM,13,9
2017-09-06,10:00 AM,2:00 PM,13,9
2017-09-06,5:00 PM,9:30 PM,13,9
2017-09-06,6:30 AM,3:00 PM,24,27
2017-09-06,8:00 PM,9:00 PM,24,27
2017-09-06,7:00 AM,8:30 AM,13,27
2017-09-06,8:00 PM,9:00 PM,13,27
2017-09-06,10:00 AM,11:00 AM,26,27
2017-09-06,11:00 AM,1:00 PM,17,27
2017-09-06,6:00 PM,8:00 PM,18,27
2017-09-06,7:15 AM,8:30 AM,13,33
2017-09-06,8:30 AM,11:00 AM,13,33
2017-09-06,11:00 AM,3:00 PM,13,33
2017-09-06,9:00 PM,10:15 PM,13,33
2017-09-06,9:30 AM,11:00 AM,26,33
2017-09-06,11:00 AM,1:00 PM,17,33
2017-09-06,7:00 AM,9:00 AM,13,38
2017-09-06,9:00 AM,11:30 AM,13,38
2017-09-06,11:30 AM,1:00 PM,13,38
2017-09-06,1:00 PM,4:00 PM,13,38
2017-09-06,4:00 PM,5:00 PM,13,38
2017-09-06,7:30 PM,8:30 PM,13,38
2017-09-06,8:30 PM,9:30 PM,13,38
2017-09-06,10:30 AM,1:00 PM,17,38
2017-09-06,4:00 PM,5:00 PM,17,38
2017-09-06,1:00 PM,2:00 PM,13,51
2017-09-06,11:30 AM,1:00 PM,17,51
2017-09-06,2:00 PM,3:00 PM,17,51
2017-09-06,6:00 PM,7:30 PM,17,51
2017-09-07,10:00 AM,2:00 PM,13,9
2017-09-07,4:00 PM,9:30 PM,13,9
2017-09-07,6:30 AM,3:00 PM,24,27
2017-09-07,3:30 PM,5:00 PM,24,27
2017-09-07,8:00 PM,9:00 PM,24,27
2017-09-07,8:00 AM,9:00 AM,13,27
2017-09-07,8:00 PM,9:00 PM,13,27
2017-09-07,1:00 PM,2:00 PM,26,27
2017-09-07,11:00 AM,1:00 PM,17,27
2017-09-07,3:30 PM,5:00 PM,17,27
2017-09-07,6:00 AM,8:30 AM,13,33
2017-09-07,8:30 AM,11:00 AM,13,33
2017-09-07,11:00 AM,3:00 PM,13,33
2017-09-07,9:00 PM,10:15 PM,13,33
2017-09-07,1:30 PM,3:00 PM,26,33
2017-09-07,11:00 AM,1:00 PM,17,33
2017-09-07,9:00 AM,11:30 AM,13,38
2017-09-07,11:30 AM,1:00 PM,13,38
2017-09-07,1:00 PM,4:00 PM,13,38
2017-09-07,4:00 PM,5:00 PM,13,38
2017-09-07,8:30 PM,9:30 PM,13,38
2017-09-07,11:30 AM,1:00 PM,17,38
2017-09-07,4:00 PM,5:00 PM,17,38
2017-09-07,7:30 AM,8:30 AM,13,51
2017-09-07,10:30 AM,11:30 AM,13,51
2017-09-07,8:00 PM,9:00 PM,13,51
2017-09-07,9:30 AM,10:30 AM,17,51
2017-09-07,11:30 AM,1:00 PM,17,51
2017-09-08,6:30 AM,9:00 AM,13,9
2017-09-08,10:00 AM,2:00 PM,13,9
2017-09-08,4:00 PM,9:30 PM,13,9
2017-09-08,6:30 AM,1:00 PM,24,27
2017-09-08,4:30 PM,6:00 PM,24,27
2017-09-08,8:00 PM,9:00 PM,24,27
2017-09-08,7:00 AM,8:30 AM,13,27
2017-09-08,8:00 PM,9:00 PM,13,27
2017-09-08,10:00 AM,11:00 AM,26,27
2017-09-08,11:00 AM,1:00 PM,17,27
2017-09-08,4:30 PM,6:00 PM,17,27
2017-09-08,6:00 PM,8:00 PM,18,27
2017-09-08,7:15 AM,8:30 AM,13,33
2017-09-08,8:30 AM,11:00 AM,13,33
2017-09-08,11:00 AM,3:00 PM,13,33
2017-09-08,9:00 PM,10:15 PM,13,33
2017-09-08,1:30 PM,3:00 PM,26,33
2017-09-08,11:00 AM,1:00 PM,17,33
2017-09-08,7:00 PM,9:00 PM,17,33
2017-09-08,7:00 AM,9:00 AM,13,38
2017-09-08,9:00 AM,11:30 AM,13,38
2017-09-08,11:30 AM,1:00 PM,13,38
2017-09-08,1:00 PM,4:00 PM,13,38
2017-09-08,4:00 PM,5:00 PM,13,38
2017-09-08,5:00 PM,6:00 PM,13,38
2017-09-08,8:00 PM,9:00 PM,13,38
2017-09-08,10:30 AM,1:00 PM,17,38
2017-09-08,4:00 PM,6:00 PM,17,38
2017-09-08,6:00 PM,8:00 PM,17,38
2017-09-08,7:30 PM,9:00 PM,13,51
2017-09-08,9:30 AM,10:30 AM,17,51
2017-09-08,11:30 AM,1:00 PM,17,51
2017-09-08,6:00 PM,7:30 PM,17,51
2017-09-09,10:00 AM,2:00 PM,13,9
2017-09-09,11:30 AM,1:00 PM,17,27
2017-09-09,11:30 AM,1:00 PM,17,27
2017-09-09,1:00 PM,3:00 PM,18,27
2017-09-09,6:00 PM,8:00 PM,18,27
2017-09-09,12:15 PM,1:45 PM,13,33
2017-09-09,12:15 PM,1:45 PM,26,33
2017-09-09,2:00 PM,5:45 PM,17,33
2017-09-09,7:00 PM,9:00 PM,17,33
2017-09-09,12:00 PM,1:30 PM,13,38
2017-09-09,6:00 PM,7:00 PM,13,38
2017-09-09,1:30 PM,4:00 PM,17,38
2017-09-09,11:30 AM,1:00 PM,13,51
2017-09-09,1:00 PM,4:00 PM,17,51
2017-09-10,10:00 AM,2:00 PM,13,9
2017-09-10,11:30 AM,1:00 PM,17,27
2017-09-10,11:30 AM,1:00 PM,17,27
2017-09-10,1:00 PM,3:00 PM,18,27
2017-09-10,7:00 AM,8:30 AM,13,33
2017-09-10,8:30 AM,10:00 AM,13,33
2017-09-10,11:15 AM,3:00 PM,17,33
2017-09-10,12:00 PM,1:30 PM,13,38
2017-09-10,4:00 PM,5:30 PM,13,38
2017-09-10,1:30 PM,4:00 PM,17,38
2017-09-10,11:30 AM,1:00 PM,13,51
2017-09-10,1:00 PM,4:00 PM,17,51
2017-09-11,6:30 AM,9:00 AM,13,9
2017-09-11,10:00 AM,2:00 PM,13,9
2017-09-11,5:00 PM,9:30 PM,13,9
2017-09-11,6:30 AM,3:00 PM,24,27
2017-09-11,8:00 PM,9:00 PM,24,27
2017-09-11,7:00 AM,8:30 AM,13,27
2017-09-11,8:00 PM,9:00 PM,13,27
2017-09-11,10:00 AM,11:00 AM,26,27
2017-09-11,11:00 AM,1:00 PM,17,27
2017-09-11,7:15 AM,8:30 AM,13,33
2017-09-11,8:30 AM,11:00 AM,13,33
2017-09-11,11:00 AM,3:00 PM,13,33
2017-09-11,9:00 PM,10:15 PM,13,33
2017-09-11,9:30 AM,11:00 AM,26,33
2017-09-11,11:00 AM,1:00 PM,17,33
2017-09-11,7:00 AM,9:00 AM,13,38
2017-09-11,9:00 AM,11:30 AM,13,38
2017-09-11,11:30 AM,1:00 PM,13,38
2017-09-11,1:00 PM,4:00 PM,13,38
2017-09-11,4:00 PM,5:00 PM,13,38
2017-09-11,8:30 PM,9:30 PM,13,38
2017-09-11,10:30 AM,1:00 PM,17,38
2017-09-11,4:00 PM,5:00 PM,17,38
2017-09-11,8:30 AM,10:00 AM,13,51
2017-09-11,1:00 PM,2:00 PM,13,51
2017-09-11,7:30 PM,9:00 PM,13,51
2017-09-11,11:30 AM,1:00 PM,17,51
2017-09-11,2:00 PM,3:00 PM,17,51
2017-09-12,6:30 AM,9:00 AM,13,9
2017-09-12,10:00 AM,2:00 PM,13,9
2017-09-12,4:00 PM,9:30 PM,13,9
2017-09-12,6:30 AM,3:00 PM,24,27
2017-09-12,8:00 PM,9:00 PM,24,27
2017-09-12,8:00 AM,9:00 AM,13,27
2017-09-12,8:00 PM,9:00 PM,13,27
2017-09-12,1:00 PM,2:00 PM,26,27
2017-09-12,11:00 AM,1:00 PM,17,27
2017-09-12,6:00 AM,8:30 AM,13,33
2017-09-12,8:30 AM,11:00 AM,13,33
2017-09-12,11:00 AM,3:00 PM,13,33
2017-09-12,9:00 PM,10:15 PM,13,33
2017-09-12,1:30 PM,3:00 PM,26,33
2017-09-12,11:00 AM,1:00 PM,17,33
2017-09-12,6:30 PM,8:00 PM,17,33
2017-09-12,7:00 AM,9:00 AM,13,38
2017-09-12,9:00 AM,11:30 AM,13,38
2017-09-12,11:30 AM,1:00 PM,13,38
2017-09-12,1:00 PM,4:00 PM,13,38
2017-09-12,4:00 PM,5:00 PM,13,38
2017-09-12,8:30 PM,9:30 PM,13,38
2017-09-12,11:30 AM,1:00 PM,17,38
2017-09-12,4:00 PM,5:00 PM,17,38
2017-09-12,6:00 PM,7:30 PM,17,38
2017-09-12,7:30 AM,8:30 AM,13,51
2017-09-12,10:30 AM,11:30 AM,13,51
2017-09-12,8:00 PM,9:00 PM,13,51
2017-09-12,9:30 AM,10:30 AM,17,51
2017-09-12,11:30 AM,1:00 PM,17,51
2017-09-13,6:30 AM,9:00 AM,13,9
2017-09-13,10:00 AM,2:00 PM,13,9
2017-09-13,5:00 PM,9:30 PM,13,9
2017-09-13,6:30 AM,3:00 PM,24,27
2017-09-13,8:00 PM,9:00 PM,24,27
2017-09-13,7:00 AM,8:30 AM,13,27
2017-09-13,8:00 PM,9:00 PM,13,27
2017-09-13,10:00 AM,11:00 AM,26,27
2017-09-13,11:00 AM,1:00 PM,17,27
2017-09-13,6:00 PM,8:00 PM,18,27
2017-09-13,7:15 AM,8:30 AM,13,33
2017-09-13,8:30 AM,11:00 AM,13,33
2017-09-13,11:00 AM,3:00 PM,13,33
2017-09-13,9:00 PM,10:15 PM,13,33
2017-09-13,9:30 AM,11:00 AM,26,33
2017-09-13,11:00 AM,1:00 PM,17,33
2017-09-13,7:00 AM,9:00 AM,13,38
2017-09-13,9:00 AM,11:30 AM,13,38
2017-09-13,11:30 AM,1:00 PM,13,38
2017-09-13,1:00 PM,4:00 PM,13,38
2017-09-13,4:00 PM,5:00 PM,13,38
2017-09-13,7:30 PM,8:30 PM,13,38
2017-09-13,8:30 PM,9:30 PM,13,38
2017-09-13,10:30 AM,1:00 PM,17,38
2017-09-13,4:00 PM,5:00 PM,17,38
2017-09-13,8:30 AM,10:00 AM,13,51
2017-09-13,1:00 PM,2:00 PM,13,51
2017-09-13,11:30 AM,1:00 PM,17,51
2017-09-13,2:00 PM,3:00 PM,17,51
2017-09-13,6:00 PM,7:30 PM,17,51
2017-09-14,10:00 AM,2:00 PM,13,9
2017-09-14,4:00 PM,9:30 PM,13,9
2017-09-14,6:30 AM,3:00 PM,24,27
2017-09-14,3:30 PM,5:00 PM,24,27
2017-09-14,8:00 PM,9:00 PM,24,27
2017-09-14,8:00 AM,9:00 AM,13,27
2017-09-14,8:00 PM,9:00 PM,13,27
2017-09-14,1:00 PM,2:00 PM,26,27
2017-09-14,11:00 AM,1:00 PM,17,27
2017-09-14,3:30 PM,5:00 PM,17,27
2017-09-14,6:00 AM,8:30 AM,13,33
2017-09-14,8:30 AM,11:00 AM,13,33
2017-09-14,11:00 AM,3:00 PM,13,33
2017-09-14,9:00 PM,10:15 PM,13,33
2017-09-14,1:30 PM,3:00 PM,26,33
2017-09-14,11:00 AM,1:00 PM,17,33
2017-09-14,9:00 AM,11:30 AM,13,38
2017-09-14,11:30 AM,1:00 PM,13,38
2017-09-14,1:00 PM,4:00 PM,13,38
2017-09-14,4:00 PM,5:00 PM,13,38
2017-09-14,8:30 PM,9:30 PM,13,38
2017-09-14,11:30 AM,1:00 PM,17,38
2017-09-14,4:00 PM,5:00 PM,17,38
2017-09-14,7:30 AM,8:30 AM,13,51
2017-09-14,10:30 AM,11:30 AM,13,51
2017-09-14,8:00 PM,9:00 PM,13,51
2017-09-14,9:30 AM,10:30 AM,17,51
2017-09-14,11:30 AM,1:00 PM,17,51
2017-09-15,6:30 AM,9:00 AM,13,9
2017-09-15,10:00 AM,2:00 PM,13,9
2017-09-15,4:00 PM,9:30 PM,13,9
2017-09-15,6:30 AM,1:00 PM,24,27
2017-09-15,4:30 PM,6:00 PM,24,27
2017-09-15,8:00 PM,9:00 PM,24,27
2017-09-15,7:00 AM,8:30 AM,13,27
2017-09-15,8:00 PM,9:00 PM,13,27
2017-09-15,10:00 AM,11:00 AM,26,27
2017-09-15,11:00 AM,1:00 PM,17,27
2017-09-15,4:30 PM,6:00 PM,17,27
2017-09-15,6:00 PM,8:00 PM,18,27
2017-09-15,7:15 AM,8:30 AM,13,33
2017-09-15,8:30 AM,11:00 AM,13,33
2017-09-15,11:00 AM,3:00 PM,13,33
2017-09-15,9:00 PM,10:15 PM,13,33
2017-09-15,1:30 PM,3:00 PM,26,33
2017-09-15,11:00 AM,1:00 PM,17,33
2017-09-15,7:00 PM,9:00 PM,17,33
2017-09-15,7:00 AM,9:00 AM,13,38
2017-09-15,9:00 AM,11:30 AM,13,38
2017-09-15,11:30 AM,1:00 PM,13,38
2017-09-15,1:00 PM,4:00 PM,13,38
2017-09-15,4:00 PM,5:00 PM,13,38
2017-09-15,5:00 PM,6:00 PM,13,38
2017-09-15,8:00 PM,9:00 PM,13,38
2017-09-15,10:30 AM,1:00 PM,17,38
2017-09-15,4:00 PM,6:00 PM,17,38
2017-09-15,6:00 PM,8:00 PM,17,38
2017-09-15,8:30 AM,10:00 AM,13,51
2017-09-15,7:30 PM,9:00 PM,13,51
2017-09-15,9:30 AM,10:30 AM,17,51
2017-09-15,11:30 AM,1:00 PM,17,51
2017-09-15,6:00 PM,7:30 PM,17,51
2017-09-16,10:00 AM,2:00 PM,13,9
2017-09-16,11:30 AM,1:00 PM,17,27
2017-09-16,11:30 AM,1:00 PM,17,27
2017-09-16,1:00 PM,3:00 PM,18,27
2017-09-16,6:00 PM,8:00 PM,18,27
2017-09-16,12:15 PM,1:45 PM,13,33
2017-09-16,12:15 PM,1:45 PM,26,33
2017-09-16,2:00 PM,5:45 PM,17,33
2017-09-16,7:00 PM,9:00 PM,17,33
2017-09-16,12:00 PM,1:30 PM,13,38
2017-09-16,6:00 PM,7:00 PM,13,38
2017-09-16,1:30 PM,4:00 PM,17,38
2017-09-16,11:30 AM,1:00 PM,13,51
2017-09-16,1:00 PM,4:00 PM,17,51
2017-09-17,10:00 AM,2:00 PM,13,9
2017-09-17,11:30 AM,1:00 PM,17,27
2017-09-17,11:30 AM,1:00 PM,17,27
2017-09-17,1:00 PM,3:00 PM,18,27
2017-09-17,7:00 AM,8:30 AM,13,33
2017-09-17,8:30 AM,10:00 AM,13,33
2017-09-17,11:15 AM,3:00 PM,17,33
2017-09-17,12:00 PM,1:30 PM,13,38
2017-09-17,4:00 PM,5:30 PM,13,38
2017-09-17,1:30 PM,4:00 PM,17,38
2017-09-17,11:30 AM,1:00 PM,13,51
2017-09-17,1:00 PM,4:00 PM,17,51
2017-09-18,6:30 AM,9:00 AM,13,9
2017-09-18,10:00 AM,2:00 PM,13,9
2017-09-18,5:00 PM,9:30 PM,13,9
2017-09-18,6:30 AM,3:00 PM,24,27
2017-09-18,8:00 PM,9:00 PM,24,27
2017-09-18,7:00 AM,8:30 AM,13,27
2017-09-18,8:00 PM,9:00 PM,13,27
2017-09-18,10:00 AM,11:00 AM,26,27
2017-09-18,11:00 AM,1:00 PM,17,27
2017-09-18,7:15 AM,8:30 AM,13,33
2017-09-18,8:30 AM,11:00 AM,13,33
2017-09-18,11:00 AM,3:00 PM,13,33
2017-09-18,9:00 PM,10:15 PM,13,33
2017-09-18,9:30 AM,11:00 AM,26,33
2017-09-18,11:00 AM,1:00 PM,17,33
2017-09-18,7:00 AM,9:00 AM,13,38
2017-09-18,9:00 AM,11:30 AM,13,38
2017-09-18,11:30 AM,1:00 PM,13,38
2017-09-18,1:00 PM,4:00 PM,13,38
2017-09-18,4:00 PM,5:00 PM,13,38
2017-09-18,8:30 PM,9:30 PM,13,38
2017-09-18,10:30 AM,1:00 PM,17,38
2017-09-18,4:00 PM,5:00 PM,17,38
2017-09-18,8:30 AM,10:00 AM,13,51
2017-09-18,1:00 PM,2:00 PM,13,51
2017-09-18,7:30 PM,9:00 PM,13,51
2017-09-18,11:30 AM,1:00 PM,17,51
2017-09-18,2:00 PM,3:00 PM,17,51
2017-09-19,6:30 AM,9:00 AM,13,9
2017-09-19,10:00 AM,2:00 PM,13,9
2017-09-19,4:00 PM,9:30 PM,13,9
2017-09-19,6:30 AM,3:00 PM,24,27
2017-09-19,8:00 PM,9:00 PM,24,27
2017-09-19,8:00 AM,9:00 AM,13,27
2017-09-19,8:00 PM,9:00 PM,13,27
2017-09-19,1:00 PM,2:00 PM,26,27
2017-09-19,11:00 AM,1:00 PM,17,27
2017-09-19,6:00 AM,8:30 AM,13,33
2017-09-19,8:30 AM,11:00 AM,13,33
2017-09-19,11:00 AM,3:00 PM,13,33
2017-09-19,9:00 PM,10:15 PM,13,33
2017-09-19,1:30 PM,3:00 PM,26,33
2017-09-19,11:00 AM,1:00 PM,17,33
2017-09-19,6:30 PM,8:00 PM,17,33
2017-09-19,7:00 AM,9:00 AM,13,38
2017-09-19,9:00 AM,11:30 AM,13,38
2017-09-19,11:30 AM,1:00 PM,13,38
2017-09-19,1:00 PM,4:00 PM,13,38
2017-09-19,4:00 PM,5:00 PM,13,38
2017-09-19,8:30 PM,9:30 PM,13,38
2017-09-19,11:30 AM,1:00 PM,17,38
2017-09-19,4:00 PM,5:00 PM,17,38
2017-09-19,6:00 PM,7:30 PM,17,38
2017-09-19,7:30 AM,8:30 AM,13,51
2017-09-19,10:30 AM,11:30 AM,13,51
2017-09-19,8:00 PM,9:00 PM,13,51
2017-09-19,9:30 AM,10:30 AM,17,51
2017-09-19,11:30 AM,1:00 PM,17,51
2017-09-20,6:30 AM,9:00 AM,13,9
2017-09-20,10:00 AM,2:00 PM,13,9
2017-09-20,5:00 PM,9:30 PM,13,9
2017-09-20,6:30 AM,3:00 PM,24,27
2017-09-20,8:00 PM,9:00 PM,24,27
2017-09-20,7:00 AM,8:30 AM,13,27
2017-09-20,8:00 PM,9:00 PM,13,27
2017-09-20,10:00 AM,11:00 AM,26,27
2017-09-20,11:00 AM,1:00 PM,17,27
2017-09-20,6:00 PM,8:00 PM,18,27
2017-09-20,7:15 AM,8:30 AM,13,33
2017-09-20,8:30 AM,11:00 AM,13,33
2017-09-20,11:00 AM,3:00 PM,13,33
2017-09-20,9:00 PM,10:15 PM,13,33
2017-09-20,9:30 AM,11:00 AM,26,33
2017-09-20,11:00 AM,1:00 PM,17,33
2017-09-20,7:00 AM,9:00 AM,13,38
2017-09-20,9:00 AM,11:30 AM,13,38
2017-09-20,11:30 AM,1:00 PM,13,38
2017-09-20,1:00 PM,4:00 PM,13,38
2017-09-20,4:00 PM,5:00 PM,13,38
2017-09-20,7:30 PM,8:30 PM,13,38
2017-09-20,8:30 PM,9:30 PM,13,38
2017-09-20,10:30 AM,1:00 PM,17,38
2017-09-20,4:00 PM,5:00 PM,17,38
2017-09-20,8:30 AM,10:00 AM,13,51
2017-09-20,1:00 PM,2:00 PM,13,51
2017-09-20,11:30 AM,1:00 PM,17,51
2017-09-20,2:00 PM,3:00 PM,17,51
2017-09-20,6:00 PM,7:30 PM,17,51
2017-09-21,10:00 AM,2:00 PM,13,9
2017-09-21,4:00 PM,9:30 PM,13,9
2017-09-21,6:30 AM,3:00 PM,24,27
2017-09-21,3:30 PM,5:00 PM,24,27
2017-09-21,8:00 PM,9:00 PM,24,27
2017-09-21,8:00 AM,9:00 AM,13,27
2017-09-21,8:00 PM,9:00 PM,13,27
2017-09-21,1:00 PM,2:00 PM,26,27
2017-09-21,11:00 AM,1:00 PM,17,27
2017-09-21,3:30 PM,5:00 PM,17,27
2017-09-21,6:00 AM,8:30 AM,13,33
2017-09-21,8:30 AM,11:00 AM,13,33
2017-09-21,11:00 AM,3:00 PM,13,33
2017-09-21,9:00 PM,10:15 PM,13,33
2017-09-21,1:30 PM,3:00 PM,26,33
2017-09-21,11:00 AM,1:00 PM,17,33
2017-09-21,9:00 AM,11:30 AM,13,38
2017-09-21,11:30 AM,1:00 PM,13,38
2017-09-21,1:00 PM,4:00 PM,13,38
2017-09-21,4:00 PM,5:00 PM,13,38
2017-09-21,8:30 PM,9:30 PM,13,38
2017-09-21,11:30 AM,1:00 PM,17,38
2017-09-21,4:00 PM,5:00 PM,17,38
2017-09-21,7:30 AM,8:30 AM,13,51
2017-09-21,10:30 AM,11:30 AM,13,51
2017-09-21,8:00 PM,9:00 PM,13,51
2017-09-21,9:30 AM,10:30 AM,17,51
2017-09-21,11:30 AM,1:00 PM,17,51
2017-09-22,6:30 AM,9:00 AM,13,9
2017-09-22,10:00 AM,2:00 PM,13,9
2017-09-22,4:00 PM,9:30 PM,13,9
2017-09-22,6:30 AM,1:00 PM,24,27
2017-09-22,4:30 PM,6:00 PM,24,27
2017-09-22,8:00 PM,9:00 PM,24,27
2017-09-22,7:00 AM,8:30 AM,13,27
2017-09-22,8:00 PM,9:00 PM,13,27
2017-09-22,10:00 AM,11:00 AM,26,27
2017-09-22,11:00 AM,1:00 PM,17,27
2017-09-22,4:30 PM,6:00 PM,17,27
2017-09-22,6:00 PM,8:00 PM,18,27
2017-09-22,7:15 AM,8:30 AM,13,33
2017-09-22,8:30 AM,11:00 AM,13,33
2017-09-22,11:00 AM,3:00 PM,13,33
2017-09-22,9:00 PM,10:15 PM,13,33
2017-09-22,1:30 PM,3:00 PM,26,33
2017-09-22,11:00 AM,1:00 PM,17,33
2017-09-22,7:00 PM,9:00 PM,17,33
2017-09-22,7:00 AM,9:00 AM,13,38
2017-09-22,9:00 AM,11:30 AM,13,38
2017-09-22,11:30 AM,1:00 PM,13,38
2017-09-22,1:00 PM,4:00 PM,13,38
2017-09-22,4:00 PM,5:00 PM,13,38
2017-09-22,5:00 PM,6:00 PM,13,38
2017-09-22,8:00 PM,9:00 PM,13,38
2017-09-22,10:30 AM,1:00 PM,17,38
2017-09-22,4:00 PM,6:00 PM,17,38
2017-09-22,6:00 PM,8:00 PM,17,38
2017-09-22,8:30 AM,10:00 AM,13,51
2017-09-22,7:30 PM,9:00 PM,13,51
2017-09-22,9:30 AM,10:30 AM,17,51
2017-09-22,11:30 AM,1:00 PM,17,51
2017-09-22,6:00 PM,7:30 PM,17,51
2017-09-23,10:00 AM,2:00 PM,13,9
2017-09-23,11:30 AM,1:00 PM,17,27
2017-09-23,11:30 AM,1:00 PM,17,27
2017-09-23,1:00 PM,3:00 PM,18,27
2017-09-23,6:00 PM,8:00 PM,18,27
2017-09-23,12:15 PM,1:45 PM,13,33
2017-09-23,12:15 PM,1:45 PM,26,33
2017-09-23,2:00 PM,5:45 PM,17,33
2017-09-23,7:00 PM,9:00 PM,17,33
2017-09-23,12:00 PM,1:30 PM,13,38
2017-09-23,6:00 PM,7:00 PM,13,38
2017-09-23,1:30 PM,4:00 PM,17,38
2017-09-23,11:30 AM,1:00 PM,13,51
2017-09-23,1:00 PM,4:00 PM,17,51
2017-09-24,10:00 AM,2:00 PM,13,9
2017-09-24,11:30 AM,1:00 PM,17,27
2017-09-24,11:30 AM,1:00 PM,17,27
2017-09-24,1:00 PM,3:00 PM,18,27
2017-09-24,7:00 AM,8:30 AM,13,33
2017-09-24,8:30 AM,10:00 AM,13,33
2017-09-24,11:15 AM,3:00 PM,17,33
2017-09-24,12:00 PM,1:30 PM,13,38
2017-09-24,4:00 PM,5:30 PM,13,38
2017-09-24,1:30 PM,4:00 PM,17,38
2017-09-24,11:30 AM,1:00 PM,13,51
2017-09-24,1:00 PM,4:00 PM,17,51
2017-09-25,6:30 AM,9:00 AM,13,9
2017-09-25,10:00 AM,2:00 PM,13,9
2017-09-25,5:00 PM,9:30 PM,13,9
2017-09-25,6:30 AM,3:00 PM,24,27
2017-09-25,8:00 PM,9:00 PM,24,27
2017-09-25,7:00 AM,8:30 AM,13,27
2017-09-25,8:00 PM,9:00 PM,13,27
2017-09-25,10:00 AM,11:00 AM,26,27
2017-09-25,11:00 AM,1:00 PM,17,27
2017-09-25,7:15 AM,8:30 AM,13,33
2017-09-25,8:30 AM,11:00 AM,13,33
2017-09-25,11:00 AM,3:00 PM,13,33
2017-09-25,9:00 PM,10:15 PM,13,33
2017-09-25,9:30 AM,11:00 AM,26,33
2017-09-25,11:00 AM,1:00 PM,17,33
2017-09-25,7:00 AM,9:00 AM,13,38
2017-09-25,9:00 AM,11:30 AM,13,38
2017-09-25,11:30 AM,1:00 PM,13,38
2017-09-25,1:00 PM,4:00 PM,13,38
2017-09-25,4:00 PM,5:00 PM,13,38
2017-09-25,8:30 PM,9:30 PM,13,38
2017-09-25,10:30 AM,1:00 PM,17,38
2017-09-25,4:00 PM,5:00 PM,17,38
2017-09-25,8:30 AM,10:00 AM,13,51
2017-09-25,1:00 PM,2:00 PM,13,51
2017-09-25,7:30 PM,9:00 PM,13,51
2017-09-25,11:30 AM,1:00 PM,17,51
2017-09-25,2:00 PM,3:00 PM,17,51
2017-09-26,6:30 AM,9:00 AM,13,9
2017-09-26,10:00 AM,2:00 PM,13,9
2017-09-26,4:00 PM,9:30 PM,13,9
2017-09-26,6:30 AM,3:00 PM,24,27
2017-09-26,8:00 PM,9:00 PM,24,27
2017-09-26,8:00 AM,9:00 AM,13,27
2017-09-26,8:00 PM,9:00 PM,13,27
2017-09-26,1:00 PM,2:00 PM,26,27
2017-09-26,11:00 AM,1:00 PM,17,27
2017-09-26,6:00 AM,8:30 AM,13,33
2017-09-26,8:30 AM,11:00 AM,13,33
2017-09-26,11:00 AM,3:00 PM,13,33
2017-09-26,9:00 PM,10:15 PM,13,33
2017-09-26,1:30 PM,3:00 PM,26,33
2017-09-26,11:00 AM,1:00 PM,17,33
2017-09-26,6:30 PM,8:00 PM,17,33
2017-09-26,7:00 AM,9:00 AM,13,38
2017-09-26,9:00 AM,11:30 AM,13,38
2017-09-26,11:30 AM,1:00 PM,13,38
2017-09-26,1:00 PM,4:00 PM,13,38
2017-09-26,4:00 PM,5:00 PM,13,38
2017-09-26,8:30 PM,9:30 PM,13,38
2017-09-26,11:30 AM,1:00 PM,17,38
2017-09-26,4:00 PM,5:00 PM,17,38
2017-09-26,6:00 PM,7:30 PM,17,38
2017-09-26,7:30 AM,8:30 AM,13,51
2017-09-26,10:30 AM,11:30 AM,13,51
2017-09-26,8:00 PM,9:00 PM,13,51
2017-09-26,9:30 AM,10:30 AM,17,51
2017-09-26,11:30 AM,1:00 PM,17,51
2017-09-27,6:30 AM,9:00 AM,13,9
2017-09-27,10:00 AM,2:00 PM,13,9
2017-09-27,5:00 PM,9:30 PM,13,9
2017-09-27,6:30 AM,3:00 PM,24,27
2017-09-27,8:00 PM,9:00 PM,24,27
2017-09-27,7:00 AM,8:30 AM,13,27
2017-09-27,8:00 PM,9:00 PM,13,27
2017-09-27,10:00 AM,11:00 AM,26,27
2017-09-27,11:00 AM,1:00 PM,17,27
2017-09-27,6:00 PM,8:00 PM,18,27
2017-09-27,7:15 AM,8:30 AM,13,33
2017-09-27,8:30 AM,11:00 AM,13,33
2017-09-27,11:00 AM,3:00 PM,13,33
2017-09-27,9:00 PM,10:15 PM,13,33
2017-09-27,9:30 AM,11:00 AM,26,33
2017-09-27,11:00 AM,1:00 PM,17,33
2017-09-27,7:00 AM,9:00 AM,13,38
2017-09-27,9:00 AM,11:30 AM,13,38
2017-09-27,11:30 AM,1:00 PM,13,38
2017-09-27,1:00 PM,4:00 PM,13,38
2017-09-27,4:00 PM,5:00 PM,13,38
2017-09-27,7:30 PM,8:30 PM,13,38
2017-09-27,8:30 PM,9:30 PM,13,38
2017-09-27,10:30 AM,1:00 PM,17,38
2017-09-27,4:00 PM,5:00 PM,17,38
2017-09-27,8:30 AM,10:00 AM,13,51
2017-09-27,1:00 PM,2:00 PM,13,51
2017-09-27,11:30 AM,1:00 PM,17,51
2017-09-27,2:00 PM,3:00 PM,17,51
2017-09-27,6:00 PM,7:30 PM,17,51
2017-09-28,10:00 AM,2:00 PM,13,9
2017-09-28,4:00 PM,9:30 PM,13,9
2017-09-28,6:30 AM,3:00 PM,24,27
2017-09-28,3:30 PM,5:00 PM,24,27
2017-09-28,8:00 PM,9:00 PM,24,27
2017-09-28,8:00 AM,9:00 AM,13,27
2017-09-28,8:00 PM,9:00 PM,13,27
2017-09-28,1:00 PM,2:00 PM,26,27
2017-09-28,11:00 AM,1:00 PM,17,27
2017-09-28,3:30 PM,5:00 PM,17,27
2017-09-28,6:00 AM,8:30 AM,13,33
2017-09-28,8:30 AM,11:00 AM,13,33
2017-09-28,11:00 AM,3:00 PM,13,33
2017-09-28,9:00 PM,10:15 PM,13,33
2017-09-28,1:30 PM,3:00 PM,26,33
2017-09-28,11:00 AM,1:00 PM,17,33
2017-09-28,9:00 AM,11:30 AM,13,38
2017-09-28,11:30 AM,1:00 PM,13,38
2017-09-28,1:00 PM,4:00 PM,13,38
2017-09-28,4:00 PM,5:00 PM,13,38
2017-09-28,8:30 PM,9:30 PM,13,38
2017-09-28,11:30 AM,1:00 PM,17,38
2017-09-28,4:00 PM,5:00 PM,17,38
2017-09-28,7:30 AM,8:30 AM,13,51
2017-09-28,10:30 AM,11:30 AM,13,51
2017-09-28,8:00 PM,9:00 PM,13,51
2017-09-28,9:30 AM,10:30 AM,17,51
2017-09-28,11:30 AM,1:00 PM,17,51
2017-09-29,6:30 AM,9:00 AM,13,9
2017-09-29,10:00 AM,2:00 PM,13,9
2017-09-29,4:00 PM,9:30 PM,13,9
2017-09-29,6:30 AM,1:00 PM,24,27
2017-09-29,4:30 PM,6:00 PM,24,27
2017-09-29,8:00 PM,9:00 PM,24,27
2017-09-29,7:00 AM,8:30 AM,13,27
2017-09-29,8:00 PM,9:00 PM,13,27
2017-09-29,10:00 AM,11:00 AM,26,27
2017-09-29,11:00 AM,1:00 PM,17,27
2017-09-29,4:30 PM,6:00 PM,17,27
2017-09-29,6:00 PM,8:00 PM,18,27
2017-09-29,7:15 AM,8:30 AM,13,33
2017-09-29,8:30 AM,11:00 AM,13,33
2017-09-29,11:00 AM,3:00 PM,13,33
2017-09-29,9:00 PM,10:15 PM,13,33
2017-09-29,1:30 PM,3:00 PM,26,33
2017-09-29,11:00 AM,1:00 PM,17,33
2017-09-29,7:00 PM,9:00 PM,17,33
2017-09-29,7:00 AM,9:00 AM,13,38
2017-09-29,9:00 AM,11:30 AM,13,38
2017-09-29,11:30 AM,1:00 PM,13,38
2017-09-29,1:00 PM,4:00 PM,13,38
2017-09-29,4:00 PM,5:00 PM,13,38
2017-09-29,5:00 PM,6:00 PM,13,38
2017-09-29,8:00 PM,9:00 PM,13,38
2017-09-29,10:30 AM,1:00 PM,17,38
2017-09-29,4:00 PM,6:00 PM,17,38
2017-09-29,6:00 PM,8:00 PM,17,38
2017-09-29,8:30 AM,10:00 AM,13,51
2017-09-29,7:30 PM,9:00 PM,13,51
2017-09-29,9:30 AM,10:30 AM,17,51
2017-09-29,11:30 AM,1:00 PM,17,51
2017-09-29,6:00 PM,7:30 PM,17,51
2017-09-30,10:00 AM,2:00 PM,13,9
2017-09-30,11:30 AM,1:00 PM,17,27
2017-09-30,11:30 AM,1:00 PM,17,27
2017-09-30,1:00 PM,3:00 PM,18,27
2017-09-30,6:00 PM,8:00 PM,18,27
2017-09-30,12:15 PM,1:45 PM,13,33
2017-09-30,12:15 PM,1:45 PM,26,33
2017-09-30,2:00 PM,5:45 PM,17,33
2017-09-30,7:00 PM,9:00 PM,17,33
2017-09-30,12:00 PM,1:30 PM,13,38
2017-09-30,6:00 PM,7:00 PM,13,38
2017-09-30,1:30 PM,4:00 PM,17,38
2017-09-30,11:30 AM,1:00 PM,13,51
2017-09-30,1:00 PM,4:00 PM,17,51
2017-10-01,10:00 AM,2:00 PM,13,9
2017-10-01,11:30 AM,1:00 PM,17,27
2017-10-01,11:30 AM,1:00 PM,17,27
2017-10-01,1:00 PM,3:00 PM,18,27
2017-10-01,7:00 AM,8:30 AM,13,33
2017-10-01,8:30 AM,10:00 AM,13,33
2017-10-01,11:15 AM,3:00 PM,17,33
2017-10-01,12:00 PM,1:30 PM,13,38
2017-10-01,4:00 PM,5:30 PM,13,38
2017-10-01,1:30 PM,4:00 PM,17,38
2017-10-01,11:30 AM,1:00 PM,13,51
2017-10-01,1:00 PM,4:00 PM,17,51
2017-10-02,6:30 AM,9:00 AM,13,9
2017-10-02,10:00 AM,2:00 PM,13,9
2017-10-02,5:00 PM,9:30 PM,13,9
2017-10-02,6:30 AM,3:00 PM,24,27
2017-10-02,8:00 PM,9:00 PM,24,27
2017-10-02,7:00 AM,8:30 AM,13,27
2017-10-02,8:00 PM,9:00 PM,13,27
2017-10-02,10:00 AM,11:00 AM,26,27
2017-10-02,11:00 AM,1:00 PM,17,27
2017-10-02,7:15 AM,8:30 AM,13,33
2017-10-02,8:30 AM,11:00 AM,13,33
2017-10-02,11:00 AM,3:00 PM,13,33
2017-10-02,9:00 PM,10:15 PM,13,33
2017-10-02,9:30 AM,11:00 AM,26,33
2017-10-02,11:00 AM,1:00 PM,17,33
2017-10-02,7:00 AM,9:00 AM,13,38
2017-10-02,9:00 AM,11:30 AM,13,38
2017-10-02,11:30 AM,1:00 PM,13,38
2017-10-02,1:00 PM,4:00 PM,13,38
2017-10-02,4:00 PM,5:00 PM,13,38
2017-10-02,8:30 PM,9:30 PM,13,38
2017-10-02,10:30 AM,1:00 PM,17,38
2017-10-02,4:00 PM,5:00 PM,17,38
2017-10-02,8:30 AM,10:00 AM,13,51
2017-10-02,1:00 PM,2:00 PM,13,51
2017-10-02,7:30 PM,9:00 PM,13,51
2017-10-02,11:30 AM,1:00 PM,17,51
2017-10-02,2:00 PM,3:00 PM,17,51
2017-10-03,6:30 AM,9:00 AM,13,9
2017-10-03,10:00 AM,2:00 PM,13,9
2017-10-03,4:00 PM,9:30 PM,13,9
2017-10-03,6:30 AM,3:00 PM,24,27
2017-10-03,8:00 PM,9:00 PM,24,27
2017-10-03,8:00 AM,9:00 AM,13,27
2017-10-03,8:00 PM,9:00 PM,13,27
2017-10-03,1:00 PM,2:00 PM,26,27
2017-10-03,11:00 AM,1:00 PM,17,27
2017-10-03,6:00 AM,8:30 AM,13,33
2017-10-03,8:30 AM,11:00 AM,13,33
2017-10-03,11:00 AM,3:00 PM,13,33
2017-10-03,9:00 PM,10:15 PM,13,33
2017-10-03,1:30 PM,3:00 PM,26,33
2017-10-03,11:00 AM,1:00 PM,17,33
2017-10-03,6:30 PM,8:00 PM,17,33
2017-10-03,7:00 AM,9:00 AM,13,38
2017-10-03,9:00 AM,11:30 AM,13,38
2017-10-03,11:30 AM,1:00 PM,13,38
2017-10-03,1:00 PM,4:00 PM,13,38
2017-10-03,4:00 PM,5:00 PM,13,38
2017-10-03,8:30 PM,9:30 PM,13,38
2017-10-03,11:30 AM,1:00 PM,17,38
2017-10-03,4:00 PM,5:00 PM,17,38
2017-10-03,6:00 PM,7:30 PM,17,38
2017-10-03,7:30 AM,8:30 AM,13,51
2017-10-03,10:30 AM,11:30 AM,13,51
2017-10-03,8:00 PM,9:00 PM,13,51
2017-10-03,9:30 AM,10:30 AM,17,51
2017-10-03,11:30 AM,1:00 PM,17,51
2017-10-04,6:30 AM,9:00 AM,13,9
2017-10-04,10:00 AM,2:00 PM,13,9
2017-10-04,5:00 PM,9:30 PM,13,9
2017-10-04,6:30 AM,3:00 PM,24,27
2017-10-04,8:00 PM,9:00 PM,24,27
2017-10-04,7:00 AM,8:30 AM,13,27
2017-10-04,8:00 PM,9:00 PM,13,27
2017-10-04,10:00 AM,11:00 AM,26,27
2017-10-04,11:00 AM,1:00 PM,17,27
2017-10-04,6:00 PM,8:00 PM,18,27
2017-10-04,7:15 AM,8:30 AM,13,33
2017-10-04,8:30 AM,11:00 AM,13,33
2017-10-04,11:00 AM,3:00 PM,13,33
2017-10-04,9:00 PM,10:15 PM,13,33
2017-10-04,9:30 AM,11:00 AM,26,33
2017-10-04,11:00 AM,1:00 PM,17,33
2017-10-04,7:00 AM,9:00 AM,13,38
2017-10-04,9:00 AM,11:30 AM,13,38
2017-10-04,11:30 AM,1:00 PM,13,38
2017-10-04,1:00 PM,4:00 PM,13,38
2017-10-04,4:00 PM,5:00 PM,13,38
2017-10-04,7:30 PM,8:30 PM,13,38
2017-10-04,8:30 PM,9:30 PM,13,38
2017-10-04,10:30 AM,1:00 PM,17,38
2017-10-04,4:00 PM,5:00 PM,17,38
2017-10-04,8:30 AM,10:00 AM,13,51
2017-10-04,1:00 PM,2:00 PM,13,51
2017-10-04,11:30 AM,1:00 PM,17,51
2017-10-04,2:00 PM,3:00 PM,17,51
2017-10-04,6:00 PM,7:30 PM,17,51
2017-10-05,10:00 AM,2:00 PM,13,9
2017-10-05,4:00 PM,9:30 PM,13,9
2017-10-05,6:30 AM,3:00 PM,24,27
2017-10-05,3:30 PM,5:00 PM,24,27
2017-10-05,8:00 PM,9:00 PM,24,27
2017-10-05,8:00 AM,9:00 AM,13,27
2017-10-05,8:00 PM,9:00 PM,13,27
2017-10-05,1:00 PM,2:00 PM,26,27
2017-10-05,11:00 AM,1:00 PM,17,27
2017-10-05,3:30 PM,5:00 PM,17,27
2017-10-05,6:00 AM,8:30 AM,13,33
2017-10-05,8:30 AM,11:00 AM,13,33
2017-10-05,11:00 AM,3:00 PM,13,33
2017-10-05,9:00 PM,10:15 PM,13,33
2017-10-05,1:30 PM,3:00 PM,26,33
2017-10-05,11:00 AM,1:00 PM,17,33
2017-10-05,9:00 AM,11:30 AM,13,38
2017-10-05,11:30 AM,1:00 PM,13,38
2017-10-05,1:00 PM,4:00 PM,13,38
2017-10-05,4:00 PM,5:00 PM,13,38
2017-10-05,8:30 PM,9:30 PM,13,38
2017-10-05,11:30 AM,1:00 PM,17,38
2017-10-05,4:00 PM,5:00 PM,17,38
2017-10-05,7:30 AM,8:30 AM,13,51
2017-10-05,10:30 AM,11:30 AM,13,51
2017-10-05,8:00 PM,9:00 PM,13,51
2017-10-05,9:30 AM,10:30 AM,17,51
2017-10-05,11:30 AM,1:00 PM,17,51
2017-10-06,6:30 AM,9:00 AM,13,9
2017-10-06,10:00 AM,2:00 PM,13,9
2017-10-06,4:00 PM,9:30 PM,13,9
2017-10-06,6:30 AM,1:00 PM,24,27
2017-10-06,4:30 PM,6:00 PM,24,27
2017-10-06,8:00 PM,9:00 PM,24,27
2017-10-06,7:00 AM,8:30 AM,13,27
2017-10-06,8:00 PM,9:00 PM,13,27
2017-10-06,10:00 AM,11:00 AM,26,27
2017-10-06,11:00 AM,1:00 PM,17,27
2017-10-06,4:30 PM,6:00 PM,17,27
2017-10-06,6:00 PM,8:00 PM,18,27
2017-10-06,7:15 AM,8:30 AM,13,33
2017-10-06,8:30 AM,11:00 AM,13,33
2017-10-06,11:00 AM,3:00 PM,13,33
2017-10-06,9:00 PM,10:15 PM,13,33
2017-10-06,1:30 PM,3:00 PM,26,33
2017-10-06,11:00 AM,1:00 PM,17,33
2017-10-06,7:00 PM,9:00 PM,17,33
2017-10-06,7:00 AM,9:00 AM,13,38
2017-10-06,9:00 AM,11:30 AM,13,38
2017-10-06,11:30 AM,1:00 PM,13,38
2017-10-06,1:00 PM,4:00 PM,13,38
2017-10-06,4:00 PM,5:00 PM,13,38
2017-10-06,5:00 PM,6:00 PM,13,38
2017-10-06,8:00 PM,9:00 PM,13,38
2017-10-06,10:30 AM,1:00 PM,17,38
2017-10-06,4:00 PM,6:00 PM,17,38
2017-10-06,6:00 PM,8:00 PM,17,38
2017-10-06,8:30 AM,10:00 AM,13,51
2017-10-06,7:30 PM,9:00 PM,13,51
2017-10-06,9:30 AM,10:30 AM,17,51
2017-10-06,11:30 AM,1:00 PM,17,51
2017-10-06,6:00 PM,7:30 PM,17,51
2017-10-07,10:00 AM,2:00 PM,13,9
2017-10-07,10:00 AM,12:00 PM,17,27
2017-10-07,12:00 PM,3:00 PM,18,27
2017-10-07,12:15 PM,1:45 PM,13,33
2017-10-07,12:15 PM,1:45 PM,26,33
2017-10-07,2:00 PM,5:45 PM,17,33
2017-10-07,7:00 PM,9:00 PM,17,33
2017-10-07,12:00 PM,1:30 PM,13,38
2017-10-07,6:00 PM,7:00 PM,13,38
2017-10-07,1:30 PM,4:00 PM,17,38
2017-10-07,11:30 AM,1:00 PM,13,51
2017-10-07,1:00 PM,4:00 PM,17,51
2017-10-08,10:00 AM,2:00 PM,13,9
2017-10-08,10:00 AM,12:00 PM,17,27
2017-10-08,12:00 PM,3:00 PM,18,27
2017-10-08,7:00 AM,8:30 AM,13,33
2017-10-08,8:30 AM,10:00 AM,13,33
2017-10-08,11:15 AM,3:00 PM,17,33
2017-10-08,12:00 PM,1:30 PM,13,38
2017-10-08,4:00 PM,5:30 PM,13,38
2017-10-08,1:30 PM,4:00 PM,17,38
2017-10-08,11:30 AM,1:00 PM,13,51
2017-10-08,1:00 PM,4:00 PM,17,51
2017-10-09,10:00 AM,12:00 PM,17,27
2017-10-09,12:00 PM,3:00 PM,18,27
2017-10-09,7:00 AM,9:00 AM,13,38
2017-10-09,9:00 AM,11:30 AM,13,38
2017-10-09,11:30 AM,1:00 PM,13,38
2017-10-09,1:00 PM,4:00 PM,13,38
2017-10-09,4:00 PM,5:00 PM,13,38
2017-10-09,8:30 PM,9:30 PM,13,38
2017-10-09,10:30 AM,1:00 PM,17,38
2017-10-09,4:00 PM,5:00 PM,17,38
2017-10-10,6:30 AM,9:00 AM,13,9
2017-10-10,10:00 AM,2:00 PM,13,9
2017-10-10,4:00 PM,9:30 PM,13,9
2017-10-10,6:30 AM,3:00 PM,24,27
2017-10-10,8:00 PM,9:00 PM,24,27
2017-10-10,8:00 AM,9:00 AM,13,27
2017-10-10,8:00 PM,9:00 PM,13,27
2017-10-10,1:00 PM,2:00 PM,26,27
2017-10-10,11:00 AM,1:00 PM,17,27
2017-10-10,6:00 AM,8:30 AM,13,33
2017-10-10,8:30 AM,11:00 AM,13,33
2017-10-10,11:00 AM,3:00 PM,13,33
2017-10-10,9:00 PM,10:15 PM,13,33
2017-10-10,1:30 PM,3:00 PM,26,33
2017-10-10,11:00 AM,1:00 PM,17,33
2017-10-10,6:30 PM,8:00 PM,17,33
2017-10-10,7:00 AM,9:00 AM,13,38
2017-10-10,9:00 AM,11:30 AM,13,38
2017-10-10,11:30 AM,1:00 PM,13,38
2017-10-10,1:00 PM,4:00 PM,13,38
2017-10-10,4:00 PM,5:00 PM,13,38
2017-10-10,8:30 PM,9:30 PM,13,38
2017-10-10,11:30 AM,1:00 PM,17,38
2017-10-10,4:00 PM,5:00 PM,17,38
2017-10-10,6:00 PM,7:30 PM,17,38
2017-10-10,7:30 AM,8:30 AM,13,51
2017-10-10,10:30 AM,11:30 AM,13,51
2017-10-10,8:00 PM,9:00 PM,13,51
2017-10-10,9:30 AM,10:30 AM,17,51
2017-10-10,11:30 AM,1:00 PM,17,51
2017-10-11,6:30 AM,9:00 AM,13,9
2017-10-11,10:00 AM,2:00 PM,13,9
2017-10-11,5:00 PM,9:30 PM,13,9
2017-10-11,6:30 AM,3:00 PM,24,27
2017-10-11,8:00 PM,9:00 PM,24,27
2017-10-11,7:00 AM,8:30 AM,13,27
2017-10-11,8:00 PM,9:00 PM,13,27
2017-10-11,10:00 AM,11:00 AM,26,27
2017-10-11,11:00 AM,1:00 PM,17,27
2017-10-11,6:00 PM,8:00 PM,18,27
2017-10-11,7:15 AM,8:30 AM,13,33
2017-10-11,8:30 AM,11:00 AM,13,33
2017-10-11,11:00 AM,3:00 PM,13,33
2017-10-11,9:00 PM,10:15 PM,13,33
2017-10-11,9:30 AM,11:00 AM,26,33
2017-10-11,11:00 AM,1:00 PM,17,33
2017-10-11,7:00 AM,9:00 AM,13,38
2017-10-11,9:00 AM,11:30 AM,13,38
2017-10-11,11:30 AM,1:00 PM,13,38
2017-10-11,1:00 PM,4:00 PM,13,38
2017-10-11,4:00 PM,5:00 PM,13,38
2017-10-11,7:30 PM,8:30 PM,13,38
2017-10-11,8:30 PM,9:30 PM,13,38
2017-10-11,10:30 AM,1:00 PM,17,38
2017-10-11,4:00 PM,5:00 PM,17,38
2017-10-11,8:30 AM,10:00 AM,13,51
2017-10-11,1:00 PM,2:00 PM,13,51
2017-10-11,11:30 AM,1:00 PM,17,51
2017-10-11,2:00 PM,3:00 PM,17,51
2017-10-11,6:00 PM,7:30 PM,17,51
2017-10-12,10:00 AM,2:00 PM,13,9
2017-10-12,4:00 PM,9:30 PM,13,9
2017-10-12,6:30 AM,3:00 PM,24,27
2017-10-12,3:30 PM,5:00 PM,24,27
2017-10-12,8:00 PM,9:00 PM,24,27
2017-10-12,8:00 AM,9:00 AM,13,27
2017-10-12,8:00 PM,9:00 PM,13,27
2017-10-12,1:00 PM,2:00 PM,26,27
2017-10-12,11:00 AM,1:00 PM,17,27
2017-10-12,3:30 PM,5:00 PM,17,27
2017-10-12,6:00 AM,8:30 AM,13,33
2017-10-12,8:30 AM,11:00 AM,13,33
2017-10-12,11:00 AM,3:00 PM,13,33
2017-10-12,9:00 PM,10:15 PM,13,33
2017-10-12,1:30 PM,3:00 PM,26,33
2017-10-12,11:00 AM,1:00 PM,17,33
2017-10-12,9:00 AM,11:30 AM,13,38
2017-10-12,11:30 AM,1:00 PM,13,38
2017-10-12,1:00 PM,4:00 PM,13,38
2017-10-12,4:00 PM,5:00 PM,13,38
2017-10-12,8:30 PM,9:30 PM,13,38
2017-10-12,11:30 AM,1:00 PM,17,38
2017-10-12,4:00 PM,5:00 PM,17,38
2017-10-12,7:30 AM,8:30 AM,13,51
2017-10-12,10:30 AM,11:30 AM,13,51
2017-10-12,8:00 PM,9:00 PM,13,51
2017-10-12,9:30 AM,10:30 AM,17,51
2017-10-12,11:30 AM,1:00 PM,17,51
2017-10-13,6:30 AM,9:00 AM,13,9
2017-10-13,10:00 AM,2:00 PM,13,9
2017-10-13,4:00 PM,9:30 PM,13,9
2017-10-13,6:30 AM,1:00 PM,24,27
2017-10-13,4:30 PM,6:00 PM,24,27
2017-10-13,8:00 PM,9:00 PM,24,27
2017-10-13,7:00 AM,8:30 AM,13,27
2017-10-13,8:00 PM,9:00 PM,13,27
2017-10-13,10:00 AM,11:00 AM,26,27
2017-10-13,11:00 AM,1:00 PM,17,27
2017-10-13,4:30 PM,6:00 PM,17,27
2017-10-13,6:00 PM,8:00 PM,18,27
2017-10-13,7:15 AM,8:30 AM,13,33
2017-10-13,8:30 AM,11:00 AM,13,33
2017-10-13,11:00 AM,3:00 PM,13,33
2017-10-13,9:00 PM,10:15 PM,13,33
2017-10-13,1:30 PM,3:00 PM,26,33
2017-10-13,11:00 AM,1:00 PM,17,33
2017-10-13,7:00 PM,9:00 PM,17,33
2017-10-13,7:00 AM,9:00 AM,13,38
2017-10-13,9:00 AM,11:30 AM,13,38
2017-10-13,11:30 AM,1:00 PM,13,38
2017-10-13,1:00 PM,4:00 PM,13,38
2017-10-13,4:00 PM,5:00 PM,13,38
2017-10-13,5:00 PM,6:00 PM,13,38
2017-10-13,8:00 PM,9:00 PM,13,38
2017-10-13,10:30 AM,1:00 PM,17,38
2017-10-13,4:00 PM,6:00 PM,17,38
2017-10-13,6:00 PM,8:00 PM,17,38
2017-10-13,8:30 AM,10:00 AM,13,51
2017-10-13,7:30 PM,9:00 PM,13,51
2017-10-13,9:30 AM,10:30 AM,17,51
2017-10-13,11:30 AM,1:00 PM,17,51
2017-10-13,6:00 PM,7:30 PM,17,51
2017-10-14,10:00 AM,2:00 PM,13,9
2017-10-14,11:30 AM,1:00 PM,17,27
2017-10-14,11:30 AM,1:00 PM,17,27
2017-10-14,1:00 PM,3:00 PM,18,27
2017-10-14,6:00 PM,8:00 PM,18,27
2017-10-14,12:15 PM,1:45 PM,13,33
2017-10-14,12:15 PM,1:45 PM,26,33
2017-10-14,2:00 PM,5:45 PM,17,33
2017-10-14,7:00 PM,9:00 PM,17,33
2017-10-14,12:00 PM,1:30 PM,13,38
2017-10-14,6:00 PM,7:00 PM,13,38
2017-10-14,1:30 PM,4:00 PM,17,38
2017-10-14,11:30 AM,1:00 PM,13,51
2017-10-14,1:00 PM,4:00 PM,17,51
2017-10-15,10:00 AM,2:00 PM,13,9
2017-10-15,11:30 AM,1:00 PM,17,27
2017-10-15,11:30 AM,1:00 PM,17,27
2017-10-15,1:00 PM,3:00 PM,18,27
2017-10-15,7:00 AM,8:30 AM,13,33
2017-10-15,8:30 AM,10:00 AM,13,33
2017-10-15,11:15 AM,3:00 PM,17,33
2017-10-15,12:00 PM,1:30 PM,13,38
2017-10-15,4:00 PM,5:30 PM,13,38
2017-10-15,1:30 PM,4:00 PM,17,38
2017-10-15,11:30 AM,1:00 PM,13,51
2017-10-15,1:00 PM,4:00 PM,17,51
2017-10-16,6:30 AM,9:00 AM,13,9
2017-10-16,10:00 AM,2:00 PM,13,9
2017-10-16,5:00 PM,9:30 PM,13,9
2017-10-16,6:30 AM,3:00 PM,24,27
2017-10-16,8:00 PM,9:00 PM,24,27
2017-10-16,7:00 AM,8:30 AM,13,27
2017-10-16,8:00 PM,9:00 PM,13,27
2017-10-16,10:00 AM,11:00 AM,26,27
2017-10-16,11:00 AM,1:00 PM,17,27
2017-10-16,7:15 AM,8:30 AM,13,33
2017-10-16,8:30 AM,11:00 AM,13,33
2017-10-16,11:00 AM,3:00 PM,13,33
2017-10-16,9:00 PM,10:15 PM,13,33
2017-10-16,9:30 AM,11:00 AM,26,33
2017-10-16,11:00 AM,1:00 PM,17,33
2017-10-16,7:00 AM,9:00 AM,13,38
2017-10-16,9:00 AM,11:30 AM,13,38
2017-10-16,11:30 AM,1:00 PM,13,38
2017-10-16,1:00 PM,4:00 PM,13,38
2017-10-16,4:00 PM,5:00 PM,13,38
2017-10-16,8:30 PM,9:30 PM,13,38
2017-10-16,10:30 AM,1:00 PM,17,38
2017-10-16,4:00 PM,5:00 PM,17,38
2017-10-16,8:30 AM,10:00 AM,13,51
2017-10-16,1:00 PM,2:00 PM,13,51
2017-10-16,7:30 PM,9:00 PM,13,51
2017-10-16,11:30 AM,1:00 PM,17,51
2017-10-16,2:00 PM,3:00 PM,17,51
2017-10-17,6:30 AM,9:00 AM,13,9
2017-10-17,10:00 AM,2:00 PM,13,9
2017-10-17,4:00 PM,9:30 PM,13,9
2017-10-17,6:30 AM,3:00 PM,24,27
2017-10-17,8:00 PM,9:00 PM,24,27
2017-10-17,8:00 AM,9:00 AM,13,27
2017-10-17,8:00 PM,9:00 PM,13,27
2017-10-17,1:00 PM,2:00 PM,26,27
2017-10-17,11:00 AM,1:00 PM,17,27
2017-10-17,6:00 AM,8:30 AM,13,33
2017-10-17,8:30 AM,11:00 AM,13,33
2017-10-17,11:00 AM,3:00 PM,13,33
2017-10-17,9:00 PM,10:15 PM,13,33
2017-10-17,1:30 PM,3:00 PM,26,33
2017-10-17,11:00 AM,1:00 PM,17,33
2017-10-17,6:30 PM,8:00 PM,17,33
2017-10-17,7:00 AM,9:00 AM,13,38
2017-10-17,9:00 AM,11:30 AM,13,38
2017-10-17,11:30 AM,1:00 PM,13,38
2017-10-17,1:00 PM,4:00 PM,13,38
2017-10-17,4:00 PM,5:00 PM,13,38
2017-10-17,8:30 PM,9:30 PM,13,38
2017-10-17,11:30 AM,1:00 PM,17,38
2017-10-17,4:00 PM,5:00 PM,17,38
2017-10-17,6:00 PM,7:30 PM,17,38
2017-10-17,7:30 AM,8:30 AM,13,51
2017-10-17,10:30 AM,11:30 AM,13,51
2017-10-17,8:00 PM,9:00 PM,13,51
2017-10-17,9:30 AM,10:30 AM,17,51
2017-10-17,11:30 AM,1:00 PM,17,51
2017-10-18,6:30 AM,9:00 AM,13,9
2017-10-18,10:00 AM,2:00 PM,13,9
2017-10-18,5:00 PM,9:30 PM,13,9
2017-10-18,6:30 AM,3:00 PM,24,27
2017-10-18,8:00 PM,9:00 PM,24,27
2017-10-18,7:00 AM,8:30 AM,13,27
2017-10-18,8:00 PM,9:00 PM,13,27
2017-10-18,10:00 AM,11:00 AM,26,27
2017-10-18,11:00 AM,1:00 PM,17,27
2017-10-18,6:00 PM,8:00 PM,18,27
2017-10-18,7:15 AM,8:30 AM,13,33
2017-10-18,8:30 AM,11:00 AM,13,33
2017-10-18,11:00 AM,3:00 PM,13,33
2017-10-18,9:00 PM,10:15 PM,13,33
2017-10-18,9:30 AM,11:00 AM,26,33
2017-10-18,11:00 AM,1:00 PM,17,33
2017-10-18,7:00 AM,9:00 AM,13,38
2017-10-18,9:00 AM,11:30 AM,13,38
2017-10-18,11:30 AM,1:00 PM,13,38
2017-10-18,1:00 PM,4:00 PM,13,38
2017-10-18,4:00 PM,5:00 PM,13,38
2017-10-18,7:30 PM,8:30 PM,13,38
2017-10-18,8:30 PM,9:30 PM,13,38
2017-10-18,10:30 AM,1:00 PM,17,38
2017-10-18,4:00 PM,5:00 PM,17,38
2017-10-18,8:30 AM,10:00 AM,13,51
2017-10-18,1:00 PM,2:00 PM,13,51
2017-10-18,11:30 AM,1:00 PM,17,51
2017-10-18,2:00 PM,3:00 PM,17,51
2017-10-18,6:00 PM,7:30 PM,17,51
2017-10-19,10:00 AM,2:00 PM,13,9
2017-10-19,4:00 PM,9:30 PM,13,9
2017-10-19,6:30 AM,3:00 PM,24,27
2017-10-19,3:30 PM,5:00 PM,24,27
2017-10-19,8:00 PM,9:00 PM,24,27
2017-10-19,8:00 AM,9:00 AM,13,27
2017-10-19,8:00 PM,9:00 PM,13,27
2017-10-19,1:00 PM,2:00 PM,26,27
2017-10-19,11:00 AM,1:00 PM,17,27
2017-10-19,3:30 PM,5:00 PM,17,27
2017-10-19,6:00 AM,8:30 AM,13,33
2017-10-19,8:30 AM,11:00 AM,13,33
2017-10-19,11:00 AM,3:00 PM,13,33
2017-10-19,9:00 PM,10:15 PM,13,33
2017-10-19,1:30 PM,3:00 PM,26,33
2017-10-19,11:00 AM,1:00 PM,17,33
2017-10-19,9:00 AM,11:30 AM,13,38
2017-10-19,11:30 AM,1:00 PM,13,38
2017-10-19,1:00 PM,4:00 PM,13,38
2017-10-19,4:00 PM,5:00 PM,13,38
2017-10-19,8:30 PM,9:30 PM,13,38
2017-10-19,11:30 AM,1:00 PM,17,38
2017-10-19,4:00 PM,5:00 PM,17,38
2017-10-19,7:30 AM,8:30 AM,13,51
2017-10-19,10:30 AM,11:30 AM,13,51
2017-10-19,8:00 PM,9:00 PM,13,51
2017-10-19,9:30 AM,10:30 AM,17,51
2017-10-19,11:30 AM,1:00 PM,17,51
2017-10-20,6:30 AM,9:00 AM,13,9
2017-10-20,10:00 AM,2:00 PM,13,9
2017-10-20,4:00 PM,9:30 PM,13,9
2017-10-20,6:30 AM,1:00 PM,24,27
2017-10-20,4:30 PM,6:00 PM,24,27
2017-10-20,8:00 PM,9:00 PM,24,27
2017-10-20,7:00 AM,8:30 AM,13,27
2017-10-20,8:00 PM,9:00 PM,13,27
2017-10-20,10:00 AM,11:00 AM,26,27
2017-10-20,11:00 AM,1:00 PM,17,27
2017-10-20,4:30 PM,6:00 PM,17,27
2017-10-20,6:00 PM,8:00 PM,18,27
2017-10-20,7:15 AM,8:30 AM,13,33
2017-10-20,8:30 AM,11:00 AM,13,33
2017-10-20,11:00 AM,3:00 PM,13,33
2017-10-20,9:00 PM,10:15 PM,13,33
2017-10-20,1:30 PM,3:00 PM,26,33
2017-10-20,11:00 AM,1:00 PM,17,33
2017-10-20,7:00 PM,9:00 PM,17,33
2017-10-20,7:00 AM,9:00 AM,13,38
2017-10-20,9:00 AM,11:30 AM,13,38
2017-10-20,11:30 AM,1:00 PM,13,38
2017-10-20,1:00 PM,4:00 PM,13,38
2017-10-20,4:00 PM,5:00 PM,13,38
2017-10-20,5:00 PM,6:00 PM,13,38
2017-10-20,8:00 PM,9:00 PM,13,38
2017-10-20,10:30 AM,1:00 PM,17,38
2017-10-20,4:00 PM,6:00 PM,17,38
2017-10-20,6:00 PM,8:00 PM,17,38
2017-10-20,8:30 AM,10:00 AM,13,51
2017-10-20,7:30 PM,9:00 PM,13,51
2017-10-20,9:30 AM,10:30 AM,17,51
2017-10-20,11:30 AM,1:00 PM,17,51
2017-10-20,6:00 PM,7:30 PM,17,51
2017-10-21,10:00 AM,2:00 PM,13,9
2017-10-21,11:30 AM,1:00 PM,17,27
2017-10-21,11:30 AM,1:00 PM,17,27
2017-10-21,1:00 PM,3:00 PM,18,27
2017-10-21,6:00 PM,8:00 PM,18,27
2017-10-21,12:15 PM,1:45 PM,13,33
2017-10-21,12:15 PM,1:45 PM,26,33
2017-10-21,2:00 PM,5:45 PM,17,33
2017-10-21,7:00 PM,9:00 PM,17,33
2017-10-21,11:30 AM,1:00 PM,13,37
2017-10-21,1:00 PM,3:00 PM,17,37
2017-10-21,12:00 PM,1:30 PM,13,38
2017-10-21,6:00 PM,7:00 PM,13,38
2017-10-21,1:30 PM,4:00 PM,17,38
2017-10-21,11:30 AM,1:00 PM,13,51
2017-10-21,1:00 PM,4:00 PM,17,51
2017-10-22,10:00 AM,2:00 PM,13,9
2017-10-22,11:30 AM,1:00 PM,17,27
2017-10-22,11:30 AM,1:00 PM,17,27
2017-10-22,1:00 PM,3:00 PM,18,27
2017-10-22,7:00 AM,8:30 AM,13,33
2017-10-22,8:30 AM,10:00 AM,13,33
2017-10-22,11:15 AM,3:00 PM,17,33
2017-10-22,11:30 AM,1:00 PM,13,37
2017-10-22,1:00 PM,3:00 PM,17,37
2017-10-22,12:00 PM,1:30 PM,13,38
2017-10-22,4:00 PM,5:30 PM,13,38
2017-10-22,1:30 PM,4:00 PM,17,38
2017-10-22,11:30 AM,1:00 PM,13,51
2017-10-22,1:00 PM,4:00 PM,17,51
2017-10-23,6:30 AM,9:00 AM,13,9
2017-10-23,10:00 AM,2:00 PM,13,9
2017-10-23,5:00 PM,9:30 PM,13,9
2017-10-23,6:30 AM,3:00 PM,24,27
2017-10-23,8:00 PM,9:00 PM,24,27
2017-10-23,7:00 AM,8:30 AM,13,27
2017-10-23,8:00 PM,9:00 PM,13,27
2017-10-23,10:00 AM,11:00 AM,26,27
2017-10-23,11:00 AM,1:00 PM,17,27
2017-10-23,7:15 AM,8:30 AM,13,33
2017-10-23,8:30 AM,11:00 AM,13,33
2017-10-23,11:00 AM,3:00 PM,13,33
2017-10-23,9:00 PM,10:15 PM,13,33
2017-10-23,9:30 AM,11:00 AM,26,33
2017-10-23,11:00 AM,1:00 PM,17,33
2017-10-23,11:00 AM,1:00 PM,13,37
2017-10-23,8:30 PM,9:30 PM,13,37
2017-10-23,7:00 AM,9:00 AM,13,38
2017-10-23,9:00 AM,11:30 AM,13,38
2017-10-23,11:30 AM,1:00 PM,13,38
2017-10-23,1:00 PM,4:00 PM,13,38
2017-10-23,4:00 PM,5:00 PM,13,38
2017-10-23,8:30 PM,9:30 PM,13,38
2017-10-23,10:30 AM,1:00 PM,17,38
2017-10-23,4:00 PM,5:00 PM,17,38
2017-10-23,8:30 AM,10:00 AM,13,51
2017-10-23,1:00 PM,2:00 PM,13,51
2017-10-23,7:30 PM,9:00 PM,13,51
2017-10-23,11:30 AM,1:00 PM,17,51
2017-10-23,2:00 PM,3:00 PM,17,51
2017-10-24,6:30 AM,9:00 AM,13,9
2017-10-24,10:00 AM,2:00 PM,13,9
2017-10-24,4:00 PM,9:30 PM,13,9
2017-10-24,6:30 AM,3:00 PM,24,27
2017-10-24,8:00 PM,9:00 PM,24,27
2017-10-24,8:00 AM,9:00 AM,13,27
2017-10-24,8:00 PM,9:00 PM,13,27
2017-10-24,1:00 PM,2:00 PM,26,27
2017-10-24,11:00 AM,1:00 PM,17,27
2017-10-24,6:00 AM,8:30 AM,13,33
2017-10-24,8:30 AM,11:00 AM,13,33
2017-10-24,11:00 AM,3:00 PM,13,33
2017-10-24,9:00 PM,10:15 PM,13,33
2017-10-24,1:30 PM,3:00 PM,26,33
2017-10-24,11:00 AM,1:00 PM,17,33
2017-10-24,6:30 PM,8:00 PM,17,33
2017-10-24,6:00 AM,7:30 AM,13,37
2017-10-24,10:30 AM,1:00 PM,13,37
2017-10-24,8:30 PM,9:30 PM,13,37
2017-10-24,7:00 AM,9:00 AM,13,38
2017-10-24,9:00 AM,11:30 AM,13,38
2017-10-24,11:30 AM,1:00 PM,13,38
2017-10-24,1:00 PM,4:00 PM,13,38
2017-10-24,4:00 PM,5:00 PM,13,38
2017-10-24,8:30 PM,9:30 PM,13,38
2017-10-24,11:30 AM,1:00 PM,17,38
2017-10-24,4:00 PM,5:00 PM,17,38
2017-10-24,6:00 PM,7:30 PM,17,38
2017-10-24,7:30 AM,8:30 AM,13,51
2017-10-24,10:30 AM,11:30 AM,13,51
2017-10-24,8:00 PM,9:00 PM,13,51
2017-10-24,9:30 AM,10:30 AM,17,51
2017-10-24,11:30 AM,1:00 PM,17,51
2017-10-25,6:30 AM,9:00 AM,13,9
2017-10-25,10:00 AM,2:00 PM,13,9
2017-10-25,5:00 PM,9:30 PM,13,9
2017-10-25,6:30 AM,3:00 PM,24,27
2017-10-25,8:00 PM,9:00 PM,24,27
2017-10-25,7:00 AM,8:30 AM,13,27
2017-10-25,8:00 PM,9:00 PM,13,27
2017-10-25,10:00 AM,11:00 AM,26,27
2017-10-25,11:00 AM,1:00 PM,17,27
2017-10-25,6:00 PM,8:00 PM,18,27
2017-10-25,7:15 AM,8:30 AM,13,33
2017-10-25,8:30 AM,11:00 AM,13,33
2017-10-25,11:00 AM,3:00 PM,13,33
2017-10-25,9:00 PM,10:15 PM,13,33
2017-10-25,9:30 AM,11:00 AM,26,33
2017-10-25,11:00 AM,1:00 PM,17,33
2017-10-25,11:00 AM,1:00 PM,13,37
2017-10-25,4:30 PM,5:30 PM,13,37
2017-10-25,8:30 PM,9:30 PM,13,37
2017-10-25,7:00 AM,9:00 AM,13,38
2017-10-25,9:00 AM,11:30 AM,13,38
2017-10-25,11:30 AM,1:00 PM,13,38
2017-10-25,1:00 PM,4:00 PM,13,38
2017-10-25,4:00 PM,5:00 PM,13,38
2017-10-25,7:30 PM,8:30 PM,13,38
2017-10-25,8:30 PM,9:30 PM,13,38
2017-10-25,10:30 AM,1:00 PM,17,38
2017-10-25,4:00 PM,5:00 PM,17,38
2017-10-25,8:30 AM,10:00 AM,13,51
2017-10-25,1:00 PM,2:00 PM,13,51
2017-10-25,11:30 AM,1:00 PM,17,51
2017-10-25,2:00 PM,3:00 PM,17,51
2017-10-25,6:00 PM,7:30 PM,17,51
2017-10-26,10:00 AM,2:00 PM,13,9
2017-10-26,4:00 PM,9:30 PM,13,9
2017-10-26,6:30 AM,3:00 PM,24,27
2017-10-26,3:30 PM,5:00 PM,24,27
2017-10-26,8:00 PM,9:00 PM,24,27
2017-10-26,8:00 AM,9:00 AM,13,27
2017-10-26,8:00 PM,9:00 PM,13,27
2017-10-26,1:00 PM,2:00 PM,26,27
2017-10-26,11:00 AM,1:00 PM,17,27
2017-10-26,3:30 PM,5:00 PM,17,27
2017-10-26,6:00 AM,8:30 AM,13,33
2017-10-26,8:30 AM,11:00 AM,13,33
2017-10-26,11:00 AM,3:00 PM,13,33
2017-10-26,9:00 PM,10:15 PM,13,33
2017-10-26,1:30 PM,3:00 PM,26,33
2017-10-26,11:00 AM,1:00 PM,17,33
2017-10-26,6:00 AM,7:30 AM,13,37
2017-10-26,10:30 AM,1:00 PM,13,37
2017-10-26,8:30 PM,9:30 PM,13,37
2017-10-26,9:00 AM,11:30 AM,13,38
2017-10-26,11:30 AM,1:00 PM,13,38
2017-10-26,1:00 PM,4:00 PM,13,38
2017-10-26,4:00 PM,5:00 PM,13,38
2017-10-26,8:30 PM,9:30 PM,13,38
2017-10-26,11:30 AM,1:00 PM,17,38
2017-10-26,4:00 PM,5:00 PM,17,38
2017-10-26,7:30 AM,8:30 AM,13,51
2017-10-26,10:30 AM,11:30 AM,13,51
2017-10-26,8:00 PM,9:00 PM,13,51
2017-10-26,9:30 AM,10:30 AM,17,51
2017-10-26,11:30 AM,1:00 PM,17,51
2017-10-27,6:30 AM,9:00 AM,13,9
2017-10-27,10:00 AM,2:00 PM,13,9
2017-10-27,4:00 PM,9:30 PM,13,9
2017-10-27,6:30 AM,1:00 PM,24,27
2017-10-27,4:30 PM,6:00 PM,24,27
2017-10-27,8:00 PM,9:00 PM,24,27
2017-10-27,7:00 AM,8:30 AM,13,27
2017-10-27,8:00 PM,9:00 PM,13,27
2017-10-27,10:00 AM,11:00 AM,26,27
2017-10-27,11:00 AM,1:00 PM,17,27
2017-10-27,4:30 PM,6:00 PM,17,27
2017-10-27,6:00 PM,8:00 PM,18,27
2017-10-27,7:15 AM,8:30 AM,13,33
2017-10-27,8:30 AM,11:00 AM,13,33
2017-10-27,11:00 AM,3:00 PM,13,33
2017-10-27,9:00 PM,10:15 PM,13,33
2017-10-27,1:30 PM,3:00 PM,26,33
2017-10-27,11:00 AM,1:00 PM,17,33
2017-10-27,7:00 PM,9:00 PM,17,33
2017-10-27,11:00 AM,1:00 PM,13,37
2017-10-27,4:30 PM,5:30 PM,13,37
2017-10-27,7:00 AM,9:00 AM,13,38
2017-10-27,9:00 AM,11:30 AM,13,38
2017-10-27,11:30 AM,1:00 PM,13,38
2017-10-27,1:00 PM,4:00 PM,13,38
2017-10-27,4:00 PM,5:00 PM,13,38
2017-10-27,5:00 PM,6:00 PM,13,38
2017-10-27,8:00 PM,9:00 PM,13,38
2017-10-27,10:30 AM,1:00 PM,17,38
2017-10-27,4:00 PM,6:00 PM,17,38
2017-10-27,6:00 PM,8:00 PM,17,38
2017-10-27,8:30 AM,10:00 AM,13,51
2017-10-27,7:30 PM,9:00 PM,13,51
2017-10-27,9:30 AM,10:30 AM,17,51
2017-10-27,11:30 AM,1:00 PM,17,51
2017-10-27,6:00 PM,7:30 PM,17,51
2017-10-28,10:00 AM,2:00 PM,13,9
2017-10-28,11:30 AM,1:00 PM,17,27
2017-10-28,11:30 AM,1:00 PM,17,27
2017-10-28,1:00 PM,3:00 PM,18,27
2017-10-28,6:00 PM,8:00 PM,18,27
2017-10-28,12:15 PM,1:45 PM,13,33
2017-10-28,12:15 PM,1:45 PM,26,33
2017-10-28,2:00 PM,5:45 PM,17,33
2017-10-28,7:00 PM,9:00 PM,17,33
2017-10-28,11:30 AM,1:00 PM,13,37
2017-10-28,1:00 PM,3:00 PM,17,37
2017-10-28,12:00 PM,1:30 PM,13,38
2017-10-28,6:00 PM,7:00 PM,13,38
2017-10-28,1:30 PM,4:00 PM,17,38
2017-10-28,11:30 AM,1:00 PM,13,51
2017-10-28,1:00 PM,4:00 PM,17,51
2017-10-29,10:00 AM,2:00 PM,13,9
2017-10-29,11:30 AM,1:00 PM,17,27
2017-10-29,11:30 AM,1:00 PM,17,27
2017-10-29,1:00 PM,3:00 PM,18,27
2017-10-29,7:00 AM,8:30 AM,13,33
2017-10-29,8:30 AM,10:00 AM,13,33
2017-10-29,11:15 AM,3:00 PM,17,33
2017-10-29,11:30 AM,1:00 PM,13,37
2017-10-29,1:00 PM,3:00 PM,17,37
2017-10-29,12:00 PM,1:30 PM,13,38
2017-10-29,4:00 PM,5:30 PM,13,38
2017-10-29,1:30 PM,4:00 PM,17,38
2017-10-29,11:30 AM,1:00 PM,13,51
2017-10-29,1:00 PM,4:00 PM,17,51
2017-10-30,6:30 AM,9:00 AM,13,9
2017-10-30,10:00 AM,2:00 PM,13,9
2017-10-30,5:00 PM,9:30 PM,13,9
2017-10-30,6:30 AM,3:00 PM,24,27
2017-10-30,8:00 PM,9:00 PM,24,27
2017-10-30,7:00 AM,8:30 AM,13,27
2017-10-30,8:00 PM,9:00 PM,13,27
2017-10-30,10:00 AM,11:00 AM,26,27
2017-10-30,11:00 AM,1:00 PM,17,27
2017-10-30,7:15 AM,8:30 AM,13,33
2017-10-30,8:30 AM,11:00 AM,13,33
2017-10-30,11:00 AM,3:00 PM,13,33
2017-10-30,9:00 PM,10:15 PM,13,33
2017-10-30,9:30 AM,11:00 AM,26,33
2017-10-30,11:00 AM,1:00 PM,17,33
2017-10-30,11:00 AM,1:00 PM,13,37
2017-10-30,8:30 PM,9:30 PM,13,37
2017-10-30,7:00 AM,9:00 AM,13,38
2017-10-30,9:00 AM,11:30 AM,13,38
2017-10-30,11:30 AM,1:00 PM,13,38
2017-10-30,1:00 PM,4:00 PM,13,38
2017-10-30,4:00 PM,5:00 PM,13,38
2017-10-30,8:30 PM,9:30 PM,13,38
2017-10-30,10:30 AM,1:00 PM,17,38
2017-10-30,4:00 PM,5:00 PM,17,38
2017-10-30,8:30 AM,10:00 AM,13,51
2017-10-30,1:00 PM,2:00 PM,13,51
2017-10-30,7:30 PM,9:00 PM,13,51
2017-10-30,11:30 AM,1:00 PM,17,51
2017-10-30,2:00 PM,3:00 PM,17,51
2017-10-31,6:30 AM,9:00 AM,13,9
2017-10-31,10:00 AM,2:00 PM,13,9
2017-10-31,4:00 PM,9:30 PM,13,9
2017-10-31,6:30 AM,3:00 PM,24,27
2017-10-31,8:00 PM,9:00 PM,24,27
2017-10-31,8:00 AM,9:00 AM,13,27
2017-10-31,8:00 PM,9:00 PM,13,27
2017-10-31,1:00 PM,2:00 PM,26,27
2017-10-31,11:00 AM,1:00 PM,17,27
2017-10-31,6:00 AM,8:30 AM,13,33
2017-10-31,8:30 AM,11:00 AM,13,33
2017-10-31,11:00 AM,3:00 PM,13,33
2017-10-31,9:00 PM,10:15 PM,13,33
2017-10-31,1:30 PM,3:00 PM,26,33
2017-10-31,11:00 AM,1:00 PM,17,33
2017-10-31,6:30 PM,8:00 PM,17,33
2017-10-31,6:00 AM,7:30 AM,13,37
2017-10-31,10:30 AM,1:00 PM,13,37
2017-10-31,8:30 PM,9:30 PM,13,37
2017-10-31,7:00 AM,9:00 AM,13,38
2017-10-31,9:00 AM,11:30 AM,13,38
2017-10-31,11:30 AM,1:00 PM,13,38
2017-10-31,1:00 PM,4:00 PM,13,38
2017-10-31,4:00 PM,5:00 PM,13,38
2017-10-31,8:30 PM,9:30 PM,13,38
2017-10-31,11:30 AM,1:00 PM,17,38
2017-10-31,4:00 PM,5:00 PM,17,38
2017-10-31,6:00 PM,7:30 PM,17,38
2017-10-31,7:30 AM,8:30 AM,13,51
2017-10-31,10:30 AM,11:30 AM,13,51
2017-10-31,8:00 PM,9:00 PM,13,51
2017-10-31,9:30 AM,10:30 AM,17,51
2017-10-31,11:30 AM,1:00 PM,17,51
2017-11-01,6:30 AM,9:00 AM,13,9
2017-11-01,10:00 AM,2:00 PM,13,9
2017-11-01,5:00 PM,9:30 PM,13,9
2017-11-01,6:30 AM,3:00 PM,24,27
2017-11-01,8:00 PM,9:00 PM,24,27
2017-11-01,7:00 AM,8:30 AM,13,27
2017-11-01,8:00 PM,9:00 PM,13,27
2017-11-01,10:00 AM,11:00 AM,26,27
2017-11-01,11:00 AM,1:00 PM,17,27
2017-11-01,6:00 PM,8:00 PM,18,27
2017-11-01,7:15 AM,8:30 AM,13,33
2017-11-01,8:30 AM,11:00 AM,13,33
2017-11-01,11:00 AM,3:00 PM,13,33
2017-11-01,9:00 PM,10:15 PM,13,33
2017-11-01,9:30 AM,11:00 AM,26,33
2017-11-01,11:00 AM,1:00 PM,17,33
2017-11-01,11:00 AM,1:00 PM,13,37
2017-11-01,4:30 PM,5:30 PM,13,37
2017-11-01,8:30 PM,9:30 PM,13,37
2017-11-01,7:00 AM,9:00 AM,13,38
2017-11-01,9:00 AM,11:30 AM,13,38
2017-11-01,11:30 AM,1:00 PM,13,38
2017-11-01,1:00 PM,4:00 PM,13,38
2017-11-01,4:00 PM,5:00 PM,13,38
2017-11-01,7:30 PM,8:30 PM,13,38
2017-11-01,8:30 PM,9:30 PM,13,38
2017-11-01,10:30 AM,1:00 PM,17,38
2017-11-01,4:00 PM,5:00 PM,17,38
2017-11-01,8:30 AM,10:00 AM,13,51
2017-11-01,1:00 PM,2:00 PM,13,51
2017-11-01,11:30 AM,1:00 PM,17,51
2017-11-01,2:00 PM,3:00 PM,17,51
2017-11-01,6:00 PM,7:30 PM,17,51
2017-11-02,10:00 AM,2:00 PM,13,9
2017-11-02,4:00 PM,9:30 PM,13,9
2017-11-02,6:30 AM,3:00 PM,24,27
2017-11-02,3:30 PM,5:00 PM,24,27
2017-11-02,8:00 PM,9:00 PM,24,27
2017-11-02,8:00 AM,9:00 AM,13,27
2017-11-02,8:00 PM,9:00 PM,13,27
2017-11-02,1:00 PM,2:00 PM,26,27
2017-11-02,11:00 AM,1:00 PM,17,27
2017-11-02,3:30 PM,5:00 PM,17,27
2017-11-02,6:00 AM,8:30 AM,13,33
2017-11-02,8:30 AM,11:00 AM,13,33
2017-11-02,11:00 AM,3:00 PM,13,33
2017-11-02,9:00 PM,10:15 PM,13,33
2017-11-02,1:30 PM,3:00 PM,26,33
2017-11-02,11:00 AM,1:00 PM,17,33
2017-11-02,6:00 AM,7:30 AM,13,37
2017-11-02,10:30 AM,1:00 PM,13,37
2017-11-02,8:30 PM,9:30 PM,13,37
2017-11-02,9:00 AM,11:30 AM,13,38
2017-11-02,11:30 AM,1:00 PM,13,38
2017-11-02,1:00 PM,4:00 PM,13,38
2017-11-02,4:00 PM,5:00 PM,13,38
2017-11-02,8:30 PM,9:30 PM,13,38
2017-11-02,11:30 AM,1:00 PM,17,38
2017-11-02,4:00 PM,5:00 PM,17,38
2017-11-02,7:30 AM,8:30 AM,13,51
2017-11-02,10:30 AM,11:30 AM,13,51
2017-11-02,8:00 PM,9:00 PM,13,51
2017-11-02,9:30 AM,10:30 AM,17,51
2017-11-02,11:30 AM,1:00 PM,17,51
2017-11-03,6:30 AM,9:00 AM,13,9
2017-11-03,10:00 AM,2:00 PM,13,9
2017-11-03,4:00 PM,9:30 PM,13,9
2017-11-03,6:30 AM,1:00 PM,24,27
2017-11-03,4:30 PM,6:00 PM,24,27
2017-11-03,8:00 PM,9:00 PM,24,27
2017-11-03,7:00 AM,8:30 AM,13,27
2017-11-03,8:00 PM,9:00 PM,13,27
2017-11-03,10:00 AM,11:00 AM,26,27
2017-11-03,11:00 AM,1:00 PM,17,27
2017-11-03,4:30 PM,6:00 PM,17,27
2017-11-03,6:00 PM,8:00 PM,18,27
2017-11-03,7:15 AM,8:30 AM,13,33
2017-11-03,8:30 AM,11:00 AM,13,33
2017-11-03,11:00 AM,3:00 PM,13,33
2017-11-03,9:00 PM,10:15 PM,13,33
2017-11-03,1:30 PM,3:00 PM,26,33
2017-11-03,11:00 AM,1:00 PM,17,33
2017-11-03,7:00 PM,9:00 PM,17,33
2017-11-03,11:00 AM,1:00 PM,13,37
2017-11-03,4:30 PM,5:30 PM,13,37
2017-11-03,7:00 AM,9:00 AM,13,38
2017-11-03,9:00 AM,11:30 AM,13,38
2017-11-03,11:30 AM,1:00 PM,13,38
2017-11-03,1:00 PM,4:00 PM,13,38
2017-11-03,4:00 PM,5:00 PM,13,38
2017-11-03,5:00 PM,6:00 PM,13,38
2017-11-03,8:00 PM,9:00 PM,13,38
2017-11-03,10:30 AM,1:00 PM,17,38
2017-11-03,4:00 PM,6:00 PM,17,38
2017-11-03,6:00 PM,8:00 PM,17,38
2017-11-03,8:30 AM,10:00 AM,13,51
2017-11-03,7:30 PM,9:00 PM,13,51
2017-11-03,9:30 AM,10:30 AM,17,51
2017-11-03,11:30 AM,1:00 PM,17,51
2017-11-03,6:00 PM,7:30 PM,17,51
2017-11-04,10:00 AM,2:00 PM,13,9
2017-11-04,11:30 AM,1:00 PM,17,27
2017-11-04,11:30 AM,1:00 PM,17,27
2017-11-04,1:00 PM,3:00 PM,18,27
2017-11-04,6:00 PM,8:00 PM,18,27
2017-11-04,12:15 PM,1:45 PM,13,33
2017-11-04,12:15 PM,1:45 PM,26,33
2017-11-04,2:00 PM,5:45 PM,17,33
2017-11-04,7:00 PM,9:00 PM,17,33
2017-11-04,11:30 AM,1:00 PM,13,37
2017-11-04,1:00 PM,3:00 PM,17,37
2017-11-04,12:00 PM,1:30 PM,13,38
2017-11-04,6:00 PM,7:00 PM,13,38
2017-11-04,1:30 PM,4:00 PM,17,38
2017-11-04,11:30 AM,1:00 PM,13,51
2017-11-04,1:00 PM,4:00 PM,17,51
2017-11-05,10:00 AM,2:00 PM,13,9
2017-11-05,11:30 AM,1:00 PM,17,27
2017-11-05,11:30 AM,1:00 PM,17,27
2017-11-05,1:00 PM,3:00 PM,18,27
2017-11-05,7:00 AM,8:30 AM,13,33
2017-11-05,8:30 AM,10:00 AM,13,33
2017-11-05,11:15 AM,3:00 PM,17,33
2017-11-05,11:30 AM,1:00 PM,13,37
2017-11-05,1:00 PM,3:00 PM,17,37
2017-11-05,12:00 PM,1:30 PM,13,38
2017-11-05,4:00 PM,5:30 PM,13,38
2017-11-05,1:30 PM,4:00 PM,17,38
2017-11-05,11:30 AM,1:00 PM,13,51
2017-11-05,1:00 PM,4:00 PM,17,51
2017-11-06,6:30 AM,9:00 AM,13,9
2017-11-06,10:00 AM,2:00 PM,13,9
2017-11-06,5:00 PM,9:30 PM,13,9
2017-11-06,6:30 AM,3:00 PM,24,27
2017-11-06,8:00 PM,9:00 PM,24,27
2017-11-06,7:00 AM,8:30 AM,13,27
2017-11-06,8:00 PM,9:00 PM,13,27
2017-11-06,10:00 AM,11:00 AM,26,27
2017-11-06,11:00 AM,1:00 PM,17,27
2017-11-06,7:15 AM,8:30 AM,13,33
2017-11-06,8:30 AM,11:00 AM,13,33
2017-11-06,11:00 AM,3:00 PM,13,33
2017-11-06,9:00 PM,10:15 PM,13,33
2017-11-06,9:30 AM,11:00 AM,26,33
2017-11-06,11:00 AM,1:00 PM,17,33
2017-11-06,11:00 AM,1:00 PM,13,37
2017-11-06,8:30 PM,9:30 PM,13,37
2017-11-06,7:00 AM,9:00 AM,13,38
2017-11-06,9:00 AM,11:30 AM,13,38
2017-11-06,11:30 AM,1:00 PM,13,38
2017-11-06,1:00 PM,4:00 PM,13,38
2017-11-06,4:00 PM,5:00 PM,13,38
2017-11-06,8:30 PM,9:30 PM,13,38
2017-11-06,10:30 AM,1:00 PM,17,38
2017-11-06,4:00 PM,5:00 PM,17,38
2017-11-06,8:30 AM,10:00 AM,13,51
2017-11-06,1:00 PM,2:00 PM,13,51
2017-11-06,7:30 PM,9:00 PM,13,51
2017-11-06,11:30 AM,1:00 PM,17,51
2017-11-06,2:00 PM,3:00 PM,17,51
2017-11-07,6:30 AM,9:00 AM,13,9
2017-11-07,10:00 AM,2:00 PM,13,9
2017-11-07,4:00 PM,9:30 PM,13,9
2017-11-07,6:30 AM,3:00 PM,24,27
2017-11-07,8:00 PM,9:00 PM,24,27
2017-11-07,8:00 AM,9:00 AM,13,27
2017-11-07,8:00 PM,9:00 PM,13,27
2017-11-07,1:00 PM,2:00 PM,26,27
2017-11-07,11:00 AM,1:00 PM,17,27
2017-11-07,6:00 AM,8:30 AM,13,33
2017-11-07,8:30 AM,11:00 AM,13,33
2017-11-07,11:00 AM,3:00 PM,13,33
2017-11-07,9:00 PM,10:15 PM,13,33
2017-11-07,1:30 PM,3:00 PM,26,33
2017-11-07,11:00 AM,1:00 PM,17,33
2017-11-07,6:30 PM,8:00 PM,17,33
2017-11-07,6:00 AM,7:30 AM,13,37
2017-11-07,10:30 AM,1:00 PM,13,37
2017-11-07,8:30 PM,9:30 PM,13,37
2017-11-07,7:00 AM,9:00 AM,13,38
2017-11-07,9:00 AM,11:30 AM,13,38
2017-11-07,11:30 AM,1:00 PM,13,38
2017-11-07,1:00 PM,4:00 PM,13,38
2017-11-07,4:00 PM,5:00 PM,13,38
2017-11-07,8:30 PM,9:30 PM,13,38
2017-11-07,11:30 AM,1:00 PM,17,38
2017-11-07,4:00 PM,5:00 PM,17,38
2017-11-07,6:00 PM,7:30 PM,17,38
2017-11-07,7:30 AM,8:30 AM,13,51
2017-11-07,10:30 AM,11:30 AM,13,51
2017-11-07,8:00 PM,9:00 PM,13,51
2017-11-07,9:30 AM,10:30 AM,17,51
2017-11-07,11:30 AM,1:00 PM,17,51
2017-11-08,6:30 AM,9:00 AM,13,9
2017-11-08,10:00 AM,2:00 PM,13,9
2017-11-08,5:00 PM,9:30 PM,13,9
2017-11-08,6:30 AM,3:00 PM,24,27
2017-11-08,8:00 PM,9:00 PM,24,27
2017-11-08,7:00 AM,8:30 AM,13,27
2017-11-08,8:00 PM,9:00 PM,13,27
2017-11-08,10:00 AM,11:00 AM,26,27
2017-11-08,11:00 AM,1:00 PM,17,27
2017-11-08,6:00 PM,8:00 PM,18,27
2017-11-08,7:15 AM,8:30 AM,13,33
2017-11-08,8:30 AM,11:00 AM,13,33
2017-11-08,11:00 AM,3:00 PM,13,33
2017-11-08,9:00 PM,10:15 PM,13,33
2017-11-08,9:30 AM,11:00 AM,26,33
2017-11-08,11:00 AM,1:00 PM,17,33
2017-11-08,11:00 AM,1:00 PM,13,37
2017-11-08,4:30 PM,5:30 PM,13,37
2017-11-08,8:30 PM,9:30 PM,13,37
2017-11-08,7:00 AM,9:00 AM,13,38
2017-11-08,9:00 AM,11:30 AM,13,38
2017-11-08,11:30 AM,1:00 PM,13,38
2017-11-08,1:00 PM,4:00 PM,13,38
2017-11-08,4:00 PM,5:00 PM,13,38
2017-11-08,7:30 PM,8:30 PM,13,38
2017-11-08,8:30 PM,9:30 PM,13,38
2017-11-08,10:30 AM,1:00 PM,17,38
2017-11-08,4:00 PM,5:00 PM,17,38
2017-11-08,8:30 AM,10:00 AM,13,51
2017-11-08,1:00 PM,2:00 PM,13,51
2017-11-08,11:30 AM,1:00 PM,17,51
2017-11-08,2:00 PM,3:00 PM,17,51
2017-11-08,6:00 PM,7:30 PM,17,51
2017-11-09,10:00 AM,2:00 PM,13,9
2017-11-09,4:00 PM,9:30 PM,13,9
2017-11-09,6:30 AM,3:00 PM,24,27
2017-11-09,3:30 PM,5:00 PM,24,27
2017-11-09,8:00 PM,9:00 PM,24,27
2017-11-09,8:00 AM,9:00 AM,13,27
2017-11-09,8:00 PM,9:00 PM,13,27
2017-11-09,1:00 PM,2:00 PM,26,27
2017-11-09,11:00 AM,1:00 PM,17,27
2017-11-09,3:30 PM,5:00 PM,17,27
2017-11-09,6:00 AM,8:30 AM,13,33
2017-11-09,8:30 AM,11:00 AM,13,33
2017-11-09,11:00 AM,3:00 PM,13,33
2017-11-09,9:00 PM,10:15 PM,13,33
2017-11-09,1:30 PM,3:00 PM,26,33
2017-11-09,11:00 AM,1:00 PM,17,33
2017-11-09,6:00 AM,7:30 AM,13,37
2017-11-09,10:30 AM,1:00 PM,13,37
2017-11-09,8:30 PM,9:30 PM,13,37
2017-11-09,9:00 AM,11:30 AM,13,38
2017-11-09,11:30 AM,1:00 PM,13,38
2017-11-09,1:00 PM,4:00 PM,13,38
2017-11-09,4:00 PM,5:00 PM,13,38
2017-11-09,8:30 PM,9:30 PM,13,38
2017-11-09,11:30 AM,1:00 PM,17,38
2017-11-09,4:00 PM,5:00 PM,17,38
2017-11-09,7:30 AM,8:30 AM,13,51
2017-11-09,10:30 AM,11:30 AM,13,51
2017-11-09,8:00 PM,9:00 PM,13,51
2017-11-09,9:30 AM,10:30 AM,17,51
2017-11-09,11:30 AM,1:00 PM,17,51
2017-11-10,6:30 AM,9:00 AM,13,9
2017-11-10,10:00 AM,2:00 PM,13,9
2017-11-10,4:00 PM,9:30 PM,13,9
2017-11-10,6:30 AM,1:00 PM,24,27
2017-11-10,4:30 PM,6:00 PM,24,27
2017-11-10,8:00 PM,9:00 PM,24,27
2017-11-10,7:00 AM,8:30 AM,13,27
2017-11-10,8:00 PM,9:00 PM,13,27
2017-11-10,10:00 AM,11:00 AM,26,27
2017-11-10,11:00 AM,1:00 PM,17,27
2017-11-10,4:30 PM,6:00 PM,17,27
2017-11-10,6:00 PM,8:00 PM,18,27
2017-11-10,7:15 AM,8:30 AM,13,33
2017-11-10,8:30 AM,11:00 AM,13,33
2017-11-10,11:00 AM,3:00 PM,13,33
2017-11-10,9:00 PM,10:15 PM,13,33
2017-11-10,1:30 PM,3:00 PM,26,33
2017-11-10,11:00 AM,1:00 PM,17,33
2017-11-10,7:00 PM,9:00 PM,17,33
2017-11-10,11:00 AM,1:00 PM,13,37
2017-11-10,4:30 PM,5:30 PM,13,37
2017-11-10,7:00 AM,9:00 AM,13,38
2017-11-10,9:00 AM,11:30 AM,13,38
2017-11-10,11:30 AM,1:00 PM,13,38
2017-11-10,1:00 PM,4:00 PM,13,38
2017-11-10,4:00 PM,5:00 PM,13,38
2017-11-10,5:00 PM,6:00 PM,13,38
2017-11-10,8:00 PM,9:00 PM,13,38
2017-11-10,10:30 AM,1:00 PM,17,38
2017-11-10,4:00 PM,6:00 PM,17,38
2017-11-10,6:00 PM,8:00 PM,17,38
2017-11-10,8:30 AM,10:00 AM,13,51
2017-11-10,7:30 PM,9:00 PM,13,51
2017-11-10,9:30 AM,10:30 AM,17,51
2017-11-10,11:30 AM,1:00 PM,17,51
2017-11-10,6:00 PM,7:30 PM,17,51
2017-11-11,10:00 AM,2:00 PM,13,9
2017-11-11,11:30 AM,1:00 PM,17,27
2017-11-11,11:30 AM,1:00 PM,17,27
2017-11-11,1:00 PM,3:00 PM,18,27
2017-11-11,6:00 PM,8:00 PM,18,27
2017-11-11,12:15 PM,1:45 PM,13,33
2017-11-11,12:15 PM,1:45 PM,26,33
2017-11-11,2:00 PM,5:45 PM,17,33
2017-11-11,7:00 PM,9:00 PM,17,33
2017-11-11,11:30 AM,1:00 PM,13,37
2017-11-11,1:00 PM,3:00 PM,17,37
2017-11-11,12:00 PM,1:30 PM,13,38
2017-11-11,6:00 PM,7:00 PM,13,38
2017-11-11,1:30 PM,4:00 PM,17,38
2017-11-11,11:30 AM,1:00 PM,13,51
2017-11-11,1:00 PM,4:00 PM,17,51
2017-11-12,10:00 AM,2:00 PM,13,9
2017-11-12,11:30 AM,1:00 PM,17,27
2017-11-12,11:30 AM,1:00 PM,17,27
2017-11-12,1:00 PM,3:00 PM,18,27
2017-11-12,7:00 AM,8:30 AM,13,33
2017-11-12,8:30 AM,10:00 AM,13,33
2017-11-12,11:15 AM,3:00 PM,17,33
2017-11-12,11:30 AM,1:00 PM,13,37
2017-11-12,1:00 PM,3:00 PM,17,37
2017-11-12,12:00 PM,1:30 PM,13,38
2017-11-12,4:00 PM,5:30 PM,13,38
2017-11-12,1:30 PM,4:00 PM,17,38
2017-11-12,11:30 AM,1:00 PM,13,51
2017-11-12,1:00 PM,4:00 PM,17,51
2017-11-13,6:30 AM,9:00 AM,13,9
2017-11-13,10:00 AM,2:00 PM,13,9
2017-11-13,5:00 PM,9:30 PM,13,9
2017-11-13,6:30 AM,3:00 PM,24,27
2017-11-13,8:00 PM,9:00 PM,24,27
2017-11-13,7:00 AM,8:30 AM,13,27
2017-11-13,8:00 PM,9:00 PM,13,27
2017-11-13,10:00 AM,11:00 AM,26,27
2017-11-13,11:00 AM,1:00 PM,17,27
2017-11-13,7:15 AM,8:30 AM,13,33
2017-11-13,8:30 AM,11:00 AM,13,33
2017-11-13,11:00 AM,3:00 PM,13,33
2017-11-13,9:00 PM,10:15 PM,13,33
2017-11-13,9:30 AM,11:00 AM,26,33
2017-11-13,11:00 AM,1:00 PM,17,33
2017-11-13,11:00 AM,1:00 PM,13,37
2017-11-13,8:30 PM,9:30 PM,13,37
2017-11-13,7:00 AM,9:00 AM,13,38
2017-11-13,9:00 AM,11:30 AM,13,38
2017-11-13,11:30 AM,1:00 PM,13,38
2017-11-13,1:00 PM,4:00 PM,13,38
2017-11-13,4:00 PM,5:00 PM,13,38
2017-11-13,8:30 PM,9:30 PM,13,38
2017-11-13,10:30 AM,1:00 PM,17,38
2017-11-13,4:00 PM,5:00 PM,17,38
2017-11-13,8:30 AM,10:00 AM,13,51
2017-11-13,1:00 PM,2:00 PM,13,51
2017-11-13,7:30 PM,9:00 PM,13,51
2017-11-13,11:30 AM,1:00 PM,17,51
2017-11-13,2:00 PM,3:00 PM,17,51
2017-11-14,6:30 AM,9:00 AM,13,9
2017-11-14,10:00 AM,2:00 PM,13,9
2017-11-14,4:00 PM,9:30 PM,13,9
2017-11-14,6:30 AM,3:00 PM,24,27
2017-11-14,8:00 PM,9:00 PM,24,27
2017-11-14,8:00 AM,9:00 AM,13,27
2017-11-14,8:00 PM,9:00 PM,13,27
2017-11-14,1:00 PM,2:00 PM,26,27
2017-11-14,11:00 AM,1:00 PM,17,27
2017-11-14,6:00 AM,8:30 AM,13,33
2017-11-14,8:30 AM,11:00 AM,13,33
2017-11-14,11:00 AM,3:00 PM,13,33
2017-11-14,9:00 PM,10:15 PM,13,33
2017-11-14,1:30 PM,3:00 PM,26,33
2017-11-14,11:00 AM,1:00 PM,17,33
2017-11-14,6:30 PM,8:00 PM,17,33
2017-11-14,6:00 AM,7:30 AM,13,37
2017-11-14,10:30 AM,1:00 PM,13,37
2017-11-14,8:30 PM,9:30 PM,13,37
2017-11-14,7:00 AM,9:00 AM,13,38
2017-11-14,9:00 AM,11:30 AM,13,38
2017-11-14,11:30 AM,1:00 PM,13,38
2017-11-14,1:00 PM,4:00 PM,13,38
2017-11-14,4:00 PM,5:00 PM,13,38
2017-11-14,8:30 PM,9:30 PM,13,38
2017-11-14,11:30 AM,1:00 PM,17,38
2017-11-14,4:00 PM,5:00 PM,17,38
2017-11-14,6:00 PM,7:30 PM,17,38
2017-11-14,7:30 AM,8:30 AM,13,51
2017-11-14,10:30 AM,11:30 AM,13,51
2017-11-14,8:00 PM,9:00 PM,13,51
2017-11-14,9:30 AM,10:30 AM,17,51
2017-11-14,11:30 AM,1:00 PM,17,51
2017-11-15,6:30 AM,9:00 AM,13,9
2017-11-15,10:00 AM,2:00 PM,13,9
2017-11-15,5:00 PM,9:30 PM,13,9
2017-11-15,6:30 AM,3:00 PM,24,27
2017-11-15,8:00 PM,9:00 PM,24,27
2017-11-15,7:00 AM,8:30 AM,13,27
2017-11-15,8:00 PM,9:00 PM,13,27
2017-11-15,10:00 AM,11:00 AM,26,27
2017-11-15,11:00 AM,1:00 PM,17,27
2017-11-15,6:00 PM,8:00 PM,18,27
2017-11-15,7:15 AM,8:30 AM,13,33
2017-11-15,8:30 AM,11:00 AM,13,33
2017-11-15,11:00 AM,3:00 PM,13,33
2017-11-15,9:00 PM,10:15 PM,13,33
2017-11-15,9:30 AM,11:00 AM,26,33
2017-11-15,11:00 AM,1:00 PM,17,33
2017-11-15,11:00 AM,1:00 PM,13,37
2017-11-15,4:30 PM,5:30 PM,13,37
2017-11-15,8:30 PM,9:30 PM,13,37
2017-11-15,7:00 AM,9:00 AM,13,38
2017-11-15,9:00 AM,11:30 AM,13,38
2017-11-15,11:30 AM,1:00 PM,13,38
2017-11-15,1:00 PM,4:00 PM,13,38
2017-11-15,4:00 PM,5:00 PM,13,38
2017-11-15,7:30 PM,8:30 PM,13,38
2017-11-15,8:30 PM,9:30 PM,13,38
2017-11-15,10:30 AM,1:00 PM,17,38
2017-11-15,4:00 PM,5:00 PM,17,38
2017-11-15,8:30 AM,10:00 AM,13,51
2017-11-15,1:00 PM,2:00 PM,13,51
2017-11-15,11:30 AM,1:00 PM,17,51
2017-11-15,2:00 PM,3:00 PM,17,51
2017-11-15,6:00 PM,7:30 PM,17,51